feature,auc,sep,consistency,cohens_d,pool_ic,family,n_days,model_rank
G_Price_Volatility_Trend_Measure,0.5567299622780882,0.05672996227808824,0.7692307692307693,0.1769533008337021,-0.04351959305904496,trend,65,222.0
mp_d4_b396_sym_trace,0.5555274981028352,0.05552749810283519,0.6923076923076923,0.18369901180267334,-0.04022040686598519,matrix_power,65,
mp_d5_b39_sym_trace,0.5539783386659927,0.053978338665992665,0.7076923076923077,0.18371307849884033,-0.05100516153147938,matrix_power,65,
G_Price_Differential_Analyzer,0.5538135455693722,0.053813545569372234,0.7846153846153846,0.15519210696220398,-0.0447946344978894,price_differential,65,115.0
Price_Differential_Ratio,0.5538135455693722,0.053813545569372234,0.7846153846153846,0.15519210696220398,-0.0447946344978894,price_differential,65,404.0
mp_d4_b65_sym_frob,0.5533749603477307,0.053374960347730704,0.6461538461538462,0.17412817478179932,-0.03209342791065367,matrix_power,65,
F4_Price_Ratio,0.5530740968303194,0.053074096830319384,0.7384615384615385,0.17814114689826965,-0.04166984238313603,other,65,
High_Low,0.5520421216273256,0.05204212162732558,0.7692307692307693,0.14611732959747314,-0.044562262437984175,other,65,40.0
intraday_range_pct,0.5520421216273256,0.05204212162732558,0.7692307692307693,0.14611732959747314,-0.044562262437984175,other,65,84.0
percent_range,0.5520421216273256,0.05204212162732558,0.7692307692307693,0.1461172252893448,-0.044562262437984175,other,65,61.0
High_Close,0.5519156067763544,0.05191560677635443,0.7384615384615385,0.15623673796653748,-0.04103578921345997,high_close,65,294.0
atr_percentage,0.5498753578896665,0.04987535788966646,0.7230769230769231,0.1630317121744156,-0.03822736082530968,atr,65,15.0
ATR%,0.5498753578896665,0.04987535788966646,0.7230769230769231,0.1630321443080902,-0.03822736082530968,atr,65,10.0
mp_d4_b267_sym_trace,0.5464713835255893,0.04647138352558933,0.676923076923077,0.14996051788330078,-0.0301190954492104,matrix_power,65,
mp_d4_b291_sym_frob,0.5464097675306103,0.046409767530610324,0.676923076923077,0.1562030017375946,-0.058654695399284806,matrix_power,65,
VWAP%_from_high,0.45569355512815557,0.04430644487184443,0.6615384615384615,-0.1439170241355896,-0.0034516275270341326,distance_to_level,65,186.0
rapid_price_change_zscore,0.541747530178064,0.041747530178063985,0.6923076923076923,0.12344986200332642,-0.040391772973396585,other,65,184.0
Realized_Vol_10d,0.5417262619297893,0.04172626192978934,0.7076923076923077,0.09703391790390015,-0.010726865611322429,volatility,65,276.0
mp_d4_b185_sym_trace,0.5398630047196015,0.03986300471960147,0.6615384615384615,0.12594321370124817,-0.06857927235687485,matrix_power,65,
low_close_ratio,0.5394088091936025,0.039408809193602456,0.6615384615384615,0.15079838037490845,-0.04560752801902062,other,65,5.0
mp_d5_b108_sym_trace,0.5388408806674164,0.03884088066741642,0.6615384615384615,0.12732893228530884,-0.061794688516544787,matrix_power,65,
Log_Return,0.5381783289799774,0.038178328979977416,0.6615384615384615,0.13188287615776062,-0.031384137333760304,momentum/return,65,243.0
mp_d4_b477_skew_trace,0.46231180311781556,0.037688196882184444,0.6153846153846154,-0.13348793983459473,0.04487629909263266,matrix_power,65,
information_rate_of_change,0.5365501577019088,0.036550157701908836,0.676923076923077,0.12546229362487793,-0.044365243060728705,other,65,29.0
mp_d4_b173_sym_top_left,0.5361705552800616,0.036170555280061634,0.6923076923076923,0.13394658267498016,-0.05272951007263062,matrix_power,65,
mp_d4_b306_raw_top_left,0.4640910707635514,0.03590892923644862,0.6307692307692307,-0.0825139507651329,0.05998917694006311,matrix_power,65,
hammer_pattern,0.5353843981537223,0.035384398153722296,0.7076923076923077,0.1568262130022049,-0.0029440320459015634,other,65,569.0
momentum_strength_continuous,0.5346640939175114,0.03466409391751135,0.6307692307692307,0.10379921644926071,-0.04717833585708824,momentum/return,65,301.0
percent_from_high,0.4655828565965121,0.03441714340348789,0.6307692307692307,-0.1228235512971878,-0.01385491437006478,other,65,195.0
return_5d,0.5342115490579239,0.034211549057923896,0.6307692307692307,0.09894923120737076,-0.04833918552049554,momentum/return,65,496.0
rapid_price_change_5d,0.5342115490579239,0.034211549057923896,0.6307692307692307,0.09894923120737076,-0.04833918552049554,other,65,361.0
Realized_Vol_21d,0.5335215758081784,0.03352157580817838,0.6461538461538462,0.11949531733989716,-0.029240702464697788,volatility,65,99.0
VIX_vs_Realized_21d,0.4664784241918217,0.03352157580817833,0.6461538461538462,-0.10807733982801437,0.029240702464697788,vix,65,177.0
trading_signal_composite,0.5333823396086217,0.03338233960862169,0.6153846153846154,0.1061708927154541,-0.05395983833581331,genetic,65,397.0
Price_Differential_Ratio_Diff_10d,0.5330222949685652,0.033022294968565236,0.6307692307692307,0.11358161270618439,-0.018478803345500495,price_differential,65,380.0
dollar_volume_ratio_10d,0.5329588867441774,0.03295888674417735,0.676923076923077,0.09722484648227692,-0.06386743810796548,dollar_volume,65,255.0
Price_Differential_Ratio_PctChange_10d,0.46709947618439646,0.032900523815603544,0.6307692307692307,-0.11357098817825317,0.018812757737733294,price_differential,65,309.0
Price_Differential_Ratio_LogDiff_10d,0.5329005238156035,0.03290052381560349,0.6307692307692307,0.11304543167352676,-0.018812221015016357,price_differential,65,103.0
price_acceleration,0.5325754932776938,0.03257549327769382,0.6307692307692307,0.1017507016658783,-0.02957957151383648,other,65,353.0
Price_Differential_Ratio_InfoDecay_1d,0.46785807015299613,0.03214192984700387,0.7230769230769231,-0.0884382352232933,-0.001090465410014412,price_differential,65,499.0
mp_d5_b169_sym_top_left,0.53157660750658,0.03157660750657998,0.676923076923077,0.14213407039642334,-0.023386948636100687,matrix_power,65,
volume_spike_ratio,0.5315317154672037,0.03153171546720368,0.676923076923077,0.08882927894592285,-0.05988471882454827,volume,65,102.0
trend_consistency_5d,0.5308827384107805,0.030882738410780486,0.6307692307692307,0.09546796977519989,-0.021578205823643806,trend,65,528.0
direction_flipper_count5,0.5308827384107805,0.030882738410780486,0.6307692307692307,0.09546774625778198,-0.021578205823643806,other,65,325.0
open_close_ratio,0.5308432365040392,0.030843236504039195,0.6307692307692307,0.11384398490190506,-0.013252247128559932,other,65,172.0
Rolling_Std_28,0.469274364065319,0.030725635934680973,0.676923076923077,-0.08585276454687119,-0.005502659198281147,volatility,65,469.0
G_Volume_Trend_Analyzer,0.5305436688678267,0.030543668867826668,0.6461538461538462,0.0878756046295166,-0.02263689779624487,volume,65,419.0
Price_Differential_Ratio_Autocorr_1d,0.5303428999791071,0.030342899979107107,0.7076923076923077,0.08969609439373016,0.0027711544659944263,price_differential,65,531.0
Price_Differential_Ratio_LogDiff_1d,0.5302216401672168,0.030221640167216846,0.6,0.0842788890004158,0.01008437834118175,price_differential,65,235.0
Price_Differential_Ratio_PctChange_1d,0.4697819476628635,0.03021805233713648,0.6,-0.08432076126337051,-0.010084185591208713,price_differential,65,209.0
Price_Differential_Ratio_Diff_1d,0.5299087258876031,0.02990872588760307,0.6,0.08459749072790146,0.010073353204340081,price_differential,65,233.0
Price_Differential_Ratio_LogScale_Rank_10d,0.5294542665015107,0.02945426650151073,0.6461538461538462,0.0856994166970253,-0.009917344001009206,price_differential,65,550.0
RSI_HC_Composite_norm,0.4705551820967184,0.029444817903281573,0.6461538461538462,-0.08549319952726364,0.01387581935468102,oscillator,65,213.0
pct_change_std,0.4706811949251775,0.029318805074822485,0.6,-0.1090599074959755,-0.0006348616294646554,other,65,429.0
G_Cyclical_Price_Oscillator,0.5289406566974795,0.028940656697479472,0.6153846153846154,0.08695849776268005,-0.013347794571783157,genetic,65,527.0
Parabolic_SAR,0.4710759118170945,0.028924088182905483,0.6,-0.09612420946359634,0.012585608199748917,trend,65,563.0
return_3d,0.5288941647788218,0.028894164778821785,0.6153846153846154,0.09892125427722931,-0.040759267925615676,momentum/return,65,194.0
mp_d4_b364_skew_top_left,0.47122372275790697,0.02877627724209303,0.6615384615384615,-0.11542493104934692,0.042043283655184456,matrix_power,65,
G_Price_Volume_Disparity_Index,0.5285666303928439,0.028566630392843906,0.6307692307692307,0.09941317141056061,-0.025268167193408592,volume,65,280.0
G_Advanced_Trend_Synthesizer,0.4714608412693696,0.0285391587306304,0.6,-0.09024746716022491,0.017743550759521682,trend,65,271.0
Price_Differential_Ratio_LogScale_Zscore_10d,0.5284760852513672,0.028476085251367245,0.6461538461538462,0.0969579741358757,-0.012885088638829045,price_differential,65,303.0
G_Momentum_Confluence_Indicator,0.5280967635491561,0.028096763549156134,0.6,0.08543034642934799,-0.010109111515409035,momentum/return,65,544.0
Significant_Indicators_Ensemble,0.4719748628562158,0.028025137143784185,0.6615384615384615,-0.08624384552240372,0.0108596357780874,other,65,489.0
G_High_Price_Momentum_Indicator,0.5279945142439424,0.027994514243942392,0.6461538461538462,0.12394723296165466,-0.04379741858817942,momentum/return,65,440.0
G_Log_Scaled_Price_Ratio,0.5279945142439424,0.027994514243942392,0.6461538461538462,0.12616805732250214,-0.04379741858817942,genetic,65,250.0
trend_direction_10d,0.5278799017390252,0.027879901739025215,0.6923076923076923,0.11482351273298264,-0.03537814292081055,trend,65,557.0
pct_change_std_rolling,0.472121537048832,0.027878462951168026,0.6,-0.09178086370229721,0.013665276714016331,volatility,65,541.0
distance_from_sma_10d,0.5278743197757163,0.027874319775716305,0.6153846153846154,0.09447570890188217,-0.05203419955544469,trend,65,282.0
Log_Divergence,0.4722529173339085,0.027747082666091494,0.6,-0.10114820301532745,0.01324404978083912,genetic,65,564.0
Smoothed_Close,0.4722529173339085,0.027747082666091494,0.6,-0.0920066386461258,0.01324404978083912,other,65,552.0
Kalman,0.4722529173339085,0.027747082666091494,0.6,-0.0920066386461258,0.01324404978083912,other,65,597.0
Divergence,0.4722529173339085,0.027747082666091494,0.6,-0.09200659394264221,0.01324404978083912,other,65,169.0
Perturbed_Kalman,0.4722529173339085,0.027747082666091494,0.6,-0.09200660139322281,0.01324404978083912,other,65,579.0
G_Volume_Adjusted_Price_Indicator,0.4722919111859022,0.02770808881409781,0.6153846153846154,-0.03640180081129074,0.019122769582361407,volume,65,444.0
G_Price_Gap_Analyzer,0.5275557948493691,0.027555794849369097,0.6,0.08880224078893661,-0.010584872330496927,genetic,65,601.0
gap_in_atr_terms,0.5275225249896321,0.027522524989632147,0.6153846153846154,0.07374383509159088,-0.03336746075320738,atr,65,333.0
G_Adjusted_Close_Tracker,0.4724969215202117,0.02750307847978828,0.6,-0.09464319050312042,0.010103285618946781,genetic,65,281.0
price_quality_score,0.4726661315797703,0.027333868420229723,0.6,-0.0979887992143631,0.00996680206398253,other,65,570.0
maxima,0.4727756890357872,0.027224310964212795,0.6,-0.07808289676904678,0.014943522086581238,other,65,533.0
Rolling_Mean_28,0.4727830718128069,0.027216928187193123,0.6,-0.08738669753074646,0.014704241761237313,genetic,65,83.0
G_Triple_High_Trend_Indicator,0.5271954315485393,0.027195431548539317,0.6,0.08155599981546402,-0.009253155166473667,trend,65,599.0
SMA50,0.4728133084677294,0.0271866915322706,0.6,-0.0866386741399765,0.01462978760424724,trend,65,398.0
minima,0.4728722795280391,0.02712772047196088,0.5846153846153846,-0.07810910046100616,0.015199253268950372,other,65,511.0
G_Complex_Price_Pattern_Indicator,0.5271250162603184,0.02712501626031838,0.6,0.09791211783885956,-0.009896338843560495,genetic,65,600.0
Mean_Reversion_Z_Score_151_std_3,0.4728824511752663,0.027117548824733717,0.676923076923077,-0.09867355972528458,-0.024536075312682294,mean_reversion,65,461.0
cv_20d_percentile,0.4728898439981379,0.027110156001862118,0.5538461538461539,-0.08791768550872803,-0.011967835428399659,volatility,65,175.0
N4_SpectralEnt,0.47313698023754563,0.026863019762454365,0.5692307692307692,-0.09117016196250916,0.005143013846228952,other,65,
HC_Ratio_norm,0.4734824045637938,0.026517595436206187,0.6615384615384615,-0.0808359831571579,0.0005043665026942351,high_close,65,212.0
High_Close_Ratio_norm,0.4734824045637938,0.026517595436206187,0.6615384615384615,-0.0808359831571579,0.0005043665026942351,high_close,65,405.0
Rolling_Std_90,0.47387390993723866,0.026126090062761342,0.6923076923076923,-0.08701769262552261,0.009370553249015243,volatility,65,236.0
Price_Differential_Ratio_LogScale_Minmax_10d,0.5259538183338287,0.025953818333828704,0.6307692307692307,0.08576013892889023,-0.015519349070964167,price_differential,65,358.0
HC_Predict_Regime_norm,0.474323358437572,0.025676641562427993,0.6307692307692307,-0.07100800424814224,0.0034215562392560803,high_close,65,244.0
Lyapunov_Exponent_MA,0.4743871135814171,0.025612886418582892,0.6307692307692307,-0.06015925481915474,-0.04165966115418088,complexity/chaos,65,311.0
VWAP_std14,0.4743896933427605,0.025610306657239512,0.6307692307692307,-0.11350980401039124,-0.005856710069105362,distance_to_level,65,482.0
stress_v7,0.5255981239722048,0.025598123972204845,0.6153846153846154,0.09364107251167297,-0.023247852129294432,other,65,519.0
Rolling_Mean_90,0.4744614530699866,0.025538546930013395,0.5846153846153846,-0.08172152936458588,0.016265091752461235,genetic,65,399.0
G_Volume_Price_Impact_Indicator,0.5253097881286554,0.025309788128655364,0.6153846153846154,0.040299300104379654,-0.021207930689167508,volume,65,227.0
Perc_Diff,0.47477329934882456,0.025226700651175438,0.6307692307692307,-0.03732240945100784,-0.02621324896666362,other,65,153.0
Mean_Reversion_Z_Score_90_std_1,0.47485648802875013,0.025143511971249866,0.6461538461538462,-0.0817696675658226,-0.032371184891892585,mean_reversion,65,430.0
14ma%_count,0.4750321931535788,0.024967806846421192,0.676923076923077,-0.07320335507392883,-0.02851445879851415,trend,65,479.0
momentum_strength_5d,0.5249422148470999,0.02494221484709991,0.6615384615384615,0.10322766751050949,-0.04301501868581671,momentum/return,65,578.0
MA_200,0.47513410207068374,0.02486589792931626,0.5846153846153846,-0.0772663876414299,0.018551598825617487,trend,65,446.0
gap_percentage,0.5247345001318658,0.024734500131865844,0.5846153846153846,0.07077997922897339,-0.035851053328483574,other,65,188.0
Rolling_Mean_151,0.47544977446097886,0.024550225539021142,0.5692307692307692,-0.0781933069229126,0.017848185569596303,genetic,65,548.0
volatility_score,0.5245467461342307,0.02454674613423069,0.5692307692307692,0.05408192425966263,0.023869153934352447,other,65,505.0
Price_Differential_Ratio_LogScale_Zscore_50d,0.5245237300634246,0.024523730063424565,0.676923076923077,0.048318907618522644,-0.014225196035200893,price_differential,65,297.0
G_Logarithmic_Trend_Detector,0.47571243937504354,0.02428756062495646,0.6307692307692307,-0.06339399516582489,0.01522447917384241,trend,65,428.0
G_Price_Open_Ratio_Indicator,0.47571923173831,0.02428076826169001,0.6,-0.11436886340379715,0.04457537421899128,genetic,65,302.0
VWAP_std200,0.4757246513614336,0.024275348638566396,0.6307692307692307,-0.10151813924312592,-0.0037584659865490416,distance_to_level,65,288.0
Price_Differential_Ratio_LogScale_Minmax_20d,0.5242136361466048,0.024213636146604767,0.6,0.08367464691400528,-0.02182532600310043,price_differential,65,458.0
Weighted_Close_Change_Velocity,0.47604572854125776,0.023954271458742238,0.6307692307692307,-0.028089867904782295,-0.01201411305460484,other,65,393.0
std_14,0.476087298238659,0.023912701761341026,0.6,-0.08740044385194778,-0.0008961080124547715,volatility,65,395.0
Price_Differential_Ratio_LogScale_Rank_20d,0.5238263555452366,0.0238263555452366,0.6153846153846154,0.0686979740858078,-0.016991688882820127,price_differential,65,488.0
Mean_Reversion_Z_Score_28_std_1,0.4762760774629831,0.023723922537016884,0.6307692307692307,-0.06299193948507309,-0.03759184349599908,mean_reversion,65,299.0
Price_Differential_Ratio_LogScale_Rank_50d,0.5236774025149205,0.023677402514920454,0.6,0.06599922478199005,-0.014752501779356926,price_differential,65,328.0
dollar_volume_ma_10,0.4764549666697992,0.023545033330200804,0.5538461538461539,-0.049350861459970474,0.01059775178902227,dollar_volume,65,204.0
Price_Differential_Ratio_LogScale_Zscore_20d,0.523394201483062,0.023394201483062038,0.6153846153846154,0.0794810876250267,-0.020766961051133022,price_differential,65,219.0
G_PDA_Log_Zscore_20d,0.523394201483062,0.023394201483062038,0.6153846153846154,0.07948107272386551,-0.020766961051133022,genetic,65,335.0
mp_d4_b291_sym_top_left,0.523355464743321,0.023355464743320953,0.5692307692307692,0.08782007545232773,-0.07272689416414108,matrix_power,65,
Price_Differential_Ratio_ZScore,0.5233411521885464,0.023341152188546377,0.6153846153846154,0.07945457845926285,-0.020798759386047038,price_differential,65,286.0
Price_Differential_Ratio_LogDiff_3d,0.5226493532840658,0.02264935328406581,0.6307692307692307,0.08434464037418365,-0.022213773095986294,price_differential,65,525.0
Price_Differential_Ratio_PctChange_3d,0.4773506467159342,0.02264935328406581,0.6307692307692307,-0.08378466963768005,0.02221510439903599,price_differential,65,411.0
Volume%_rolling_90,0.5226403436524493,0.02264034365244927,0.6,0.08868657052516937,-0.058183175571138224,volume,65,63.0
Price_Differential_Ratio_LogScale_Minmax_50d,0.5225538237121476,0.022553823712147647,0.6461538461538462,0.05117979273200035,-0.017035671705743365,price_differential,65,502.0
KC_LOWER%,0.5224920624809042,0.022492062480904185,0.5846153846153846,0.07570566236972809,-0.0666536937632121,channel,65,457.0
lyapunov_exponent,0.4776072431080285,0.02239275689197151,0.6,-0.08032965660095215,0.005719923454238351,complexity/chaos,65,435.0
Price_Differential_Ratio_Diff_3d,0.5223795438164129,0.02237954381641294,0.6307692307692307,0.08414927870035172,-0.02228992338591801,price_differential,65,310.0
cv_50d_percentile,0.4776511914520829,0.0223488085479171,0.5384615384615384,-0.05647433176636696,-0.012391853897231053,volatility,65,296.0
Volume_Spectral_Splatter,0.4778818171059005,0.022118182894099503,0.6615384615384615,-0.0528443269431591,-0.006530687457548255,volume,65,522.0
days_since_high,0.5220650470424841,0.02206504704248413,0.5384615384615384,0.07118506729602814,0.000707875906623275,other,65,193.0
time_between_extremes,0.4783150881923856,0.021684911807614393,0.6,-0.0666075348854065,-0.00714783558099142,other,65,424.0
emd_features_IMF_2_Energy,0.47835337350527407,0.02164662649472593,0.6153846153846154,-0.06056635454297066,0.004821953975919638,other,65,351.0
momentum_score,0.5215703170800579,0.021570317080057855,0.5384615384615384,0.08309850841760635,-0.05325415912839984,momentum/return,65,451.0
alpha_IWM,0.4786390741062664,0.021360925893733618,0.6153846153846154,-0.03928512707352638,-0.03349788285154351,other,65,291.0
alpha_VIX,0.47928360559420985,0.02071639440579015,0.6153846153846154,-0.03258814662694931,-0.03364707700640583,vix,65,330.0
atr_14,0.4793288001043041,0.02067119989569588,0.5692307692307692,-0.08597450703382492,0.003437535347533807,atr,65,401.0
VIX_Adjusted_ATR,0.4793288001043041,0.02067119989569588,0.5692307692307692,-0.08406130224466324,0.003437535347533807,vix,65,454.0
Rolling_Std_151,0.47941627972834316,0.020583720271656836,0.6,-0.06456835567951202,0.011641144705239035,volatility,65,376.0
Volume%,0.5205659451666828,0.020565945166682753,0.6307692307692307,0.07351785153150558,-0.056643001592152374,volume,65,23.0
Price_Differential_Ratio_InformationRatio,0.4796189340967602,0.020381065903239792,0.6,-0.06084294244647026,0.013852961449344597,price_differential,65,420.0
Pattern_Indicator_norm,0.47974109768727746,0.020258902312722538,0.5230769230769231,-0.07112107425928116,0.03479560074456216,other,65,289.0
alpha_DIA,0.47980378936831947,0.020196210631680533,0.6,-0.03548019379377365,-0.03458561320089499,other,65,475.0
alpha_QQQ,0.4800357031203539,0.019964296879646126,0.6461538461538462,-0.035880934447050095,-0.030554862055433632,other,65,474.0
CID_Mean,0.48010444386920587,0.019895556130794134,0.5846153846153846,-0.03293468430638313,0.007689952578231005,other,65,245.0
14ma%,0.5198282126821275,0.019828212682127533,0.5538461538461539,0.07363611459732056,-0.05613562566735909,trend,65,341.0
price_position_100d,0.4803047343513634,0.019695265648636606,0.6153846153846154,-0.06765825301408768,-0.031970918182171175,other,65,490.0
cv_20d_regime_low,0.5193622339664294,0.019362233966429443,0.5230769230769231,0.07867643237113953,0.012486211877729386,volatility,65,558.0
percent_change_Close_lag_5,0.4807443695095272,0.019255630490472797,0.5538461538461539,-0.05527878552675247,-0.026161622156402973,genetic,65,384.0
emd_features_IMF_1_Energy,0.48081732798611526,0.01918267201388474,0.6,-0.05150661990046501,0.008240847225104868,other,65,321.0
alpha_SPY,0.48097481432299793,0.019025185677002066,0.6307692307692307,-0.03820052370429039,-0.030522231393091466,other,65,202.0
return_20d_abs,0.4810048836035935,0.018995116396406497,0.5538461538461539,0.007845916785299778,-0.039731294698539595,momentum/return,65,449.0
G_Lagged_Price_Volume_Convergence,0.4810816919575241,0.018918308042475906,0.6153846153846154,-0.06438705325126648,0.02884734967803141,volume,65,327.0
14ma%_change,0.5189028358027,0.018902835802700024,0.5384615384615384,0.015503805130720139,-0.0028559296665458386,trend,65,481.0
Complexity_Invariant_Distance,0.4811646487072858,0.018835351292714186,0.6461538461538462,-0.03481721505522728,0.008563596410622105,other,65,472.0
VWAP%,0.5187352941932686,0.01873529419326858,0.6,0.07423806190490723,-0.05245869384041941,distance_to_level,65,504.0
noise_PinkNoise,0.4813927465187044,0.018607253481295605,0.5230769230769231,-0.06528222560882568,-0.009424076745887312,other,65,363.0
Dynamic_RSI,0.48148767946588794,0.01851232053411206,0.6461538461538462,-0.06355111300945282,-0.04348748861855736,oscillator,65,372.0
emd_features_IMF_1_Std,0.4818947970205709,0.01810520297942908,0.6153846153846154,-0.08061295747756958,0.00894149174152714,other,65,447.0
gap_absolute,0.5179908462816369,0.01799084628163694,0.6,0.036260440945625305,-0.0015416968116699578,other,65,455.0
composite,0.4821625600072248,0.017837439992775206,0.6461538461538462,-0.0881611630320549,0.005925868890547518,other,65,
Price_Differential_Ratio_PctChange_5d,0.4821896794099742,0.017810320590025797,0.5692307692307692,-0.0673397034406662,0.020888322732829756,price_differential,65,407.0
Price_Differential_Ratio_LogDiff_5d,0.5178103205900257,0.01781032059002574,0.5692307692307692,0.06867934763431549,-0.020888322732829756,price_differential,65,179.0
CID_SD,0.4822329827412694,0.01776701725873059,0.6,-0.040006186813116074,0.007199710115675124,other,65,223.0
Price_Differential_Ratio_Diff_5d,0.5177211898078808,0.017721189807880844,0.5692307692307692,0.06838566809892654,-0.020837548894251313,price_differential,65,315.0
cv_10d,0.5175748128356024,0.01757481283560236,0.6615384615384615,0.03166026994585991,-0.03231702092511123,volatility,65,247.0
mp_d4_b50_raw_top_left,0.5175047530364667,0.017504753036466703,0.5846153846153846,0.06741417944431305,-0.05563403364100119,matrix_power,65,
Low_Close,0.5174964236938226,0.01749642369382265,0.5692307692307692,0.06506193429231644,-0.01020150608417,other,65,320.0
Price_Differential_Ratio_WeightedSignalStrength,0.5170730361408739,0.017073036140873854,0.5846153846153846,0.07361378945127404,-0.009853541610626253,price_differential,65,591.0
Price_Differential_Ratio_MomentumDecelerating,0.5170410448003828,0.01704104480038282,0.5692307692307692,0.07274610328573998,-0.0185282495855837,momentum/return,65,572.0
emd_features_IMF_2_Std,0.4832271832656156,0.01677281673438441,0.5384615384615384,-0.07710018754005432,0.005009248750012681,other,65,460.0
Price_Differential_Ratio_SignalStrength,0.5166949488817909,0.016694948881790905,0.6,0.06964686959153663,-0.00922182151525332,price_differential,65,553.0
dollar_volume_std_252,0.4839070291933141,0.016092970806685925,0.5384615384615384,-0.04280392825603485,0.010166341327318308,dollar_volume,65,237.0
dollar_volume_ma_252,0.48392686745012214,0.016073132549877855,0.5538461538461539,-0.042423367500305176,0.016055585826881946,dollar_volume,65,374.0
stress_vol_v7,0.5160368958794183,0.016036895879418256,0.6153846153846154,0.011667894199490547,-0.02123377409997714,other,65,210.0
dollar_volume_percentile,0.5158655524602832,0.015865552460283205,0.5692307692307692,0.021040054038167,-0.06259648761112578,dollar_volume,65,354.0
return_5d_abs,0.5155831151069102,0.01558311510691024,0.5846153846153846,0.04132230207324028,-0.045406683670958195,momentum/return,65,433.0
G_PDA_Weighted_Signal_Strength,0.515409691543843,0.015409691543842974,0.6,0.06626688716685503,-0.01248748445700592,genetic,65,232.0
dollar_volume_zscore,0.5150165313320403,0.015016531332040284,0.5538461538461539,0.07111678272485733,-0.06156201959744578,dollar_volume,65,26.0
cv_50d_regime_low,0.5147778787995594,0.014777878799559385,0.5076923076923077,0.06728839874267578,0.00823321400614881,volatility,65,268.0
time_reversal_asymmetry,0.514755097157336,0.014755097157336028,0.5692307692307692,0.015949532389640808,0.018539371212683394,other,65,467.0
return_10d,0.5146361108474531,0.014636110847453088,0.5538461538461539,0.04906821250915527,-0.04895819516826987,momentum/return,65,349.0
volume_trend_strength,0.4859650921799646,0.014034907820035414,0.5384615384615384,-0.0444301962852478,-0.029382451460396242,volume,65,529.0
volume_momentum_ratio,0.4859650921799646,0.014034907820035414,0.5384615384615384,-0.04414777085185051,-0.029382451460396242,volume,65,329.0
volume_trend_5d_20d,0.4859650921799646,0.014034907820035414,0.5384615384615384,-0.04414777085185051,-0.029382451460396242,volume,65,259.0
Lyapunov_Exponent,0.514030149294098,0.01403014929409796,0.5692307692307692,0.05085109919309616,-0.05980750570965058,complexity/chaos,65,412.0
dollar_volume_ratio_252d,0.5136312171520719,0.01363121715207194,0.5538461538461539,0.06646101921796799,-0.06050514621598918,dollar_volume,65,36.0
Price_Differential_Ratio_Acceleration_3d,0.5134734081005993,0.013473408100599271,0.6,-0.021326234564185143,0.0001679203493739301,price_differential,65,532.0
entropy,0.4869345733375298,0.013065426662470181,0.5692307692307692,-0.05072237178683281,-0.01648068820099991,complexity/chaos,65,173.0
direction_flipper_count_10,0.5129961932372292,0.012996193237229225,0.5692307692307692,0.04200531169772148,-0.027250615329742472,other,65,546.0
trend_consistency_10d,0.5129961932372292,0.012996193237229225,0.5692307692307692,0.04200555756688118,-0.027250615329742472,trend,65,538.0
market_regime_composite,0.512576409739026,0.012576409739025962,0.5692307692307692,0.054303303360939026,-0.04079450802881884,regime,65,567.0
trend_direction_20d,0.512576409739026,0.012576409739025962,0.5692307692307692,0.054303303360939026,-0.04079450802881884,trend,65,549.0
Price_Differential_Ratio_ExtremeHigh,0.5125087175175288,0.0125087175175288,0.5384615384615384,0.07450062666769836,-0.026762071432410994,price_differential,65,581.0
distance_from_sma_20d,0.5122249560078429,0.012224956007842902,0.5692307692307692,0.04817569628357887,-0.05957895337331674,trend,65,150.0
sustained_volume_burst_count,0.5121219229286538,0.012121922928653772,0.5692307692307692,0.08135499805212021,-0.01324313506303993,volume,65,565.0
liquidity_stress_3d,0.48789129994833463,0.012108700051665366,0.5384615384615384,-0.013653676956892014,-0.02886907764590364,other,65,462.0
beta_VIX,0.4879441029238721,0.01205589707612792,0.5692307692307692,-0.023905664682388306,0.0017604205239717412,vix,65,138.0
spectral_entropy,0.5119410823287327,0.0119410823287327,0.5692307692307692,0.03096911311149597,0.008878769953488177,complexity/chaos,65,464.0
dvamr_probability,0.4883795272506814,0.0116204727493186,0.5230769230769231,-0.053935226052999496,-0.018025080752437535,other,65,359.0
beta_IWM,0.5115341937952089,0.011534193795208925,0.5384615384615384,0.030610522255301476,0.004984521997094992,other,65,98.0
G_Price_Volatility_Gauge,0.5115285438772689,0.01152854387726887,0.5846153846153846,0.046181950718164444,-0.0382562793107853,genetic,65,369.0
cv_20d_regime_high,0.48874374252215264,0.011256257477847365,0.7384615384615385,-0.0692811980843544,-0.014535637253580785,volatility,65,560.0
higher_order_moments_Kurtosis,0.5112559812258353,0.011255981225835265,0.5692307692307692,0.0450848713517189,0.017188349324377527,other,65,164.0
return_3d_abs,0.5111657855681232,0.011165785568123199,0.5384615384615384,0.03992374986410141,-0.036584981664904495,momentum/return,65,381.0
HC_Predict_Regime,0.4893894426990979,0.010610557300902101,0.5846153846153846,-0.00951460748910904,-0.013471135134136098,high_close,65,25.0
volume_persistence,0.48941173897197393,0.01058826102802607,0.5692307692307692,-0.030556248500943184,-0.03322019028787515,volume,65,530.0
RSI_HC_Composite,0.48972830620433233,0.010271693795667669,0.5846153846153846,0.01666717231273651,0.008972403521002214,oscillator,65,134.0
liquidity_score,0.5098471666311419,0.009847166631141935,0.5846153846153846,0.027016760781407356,-0.06417184446633556,other,65,249.0
beta_SPY,0.5097953208464389,0.00979532084643886,0.5076923076923077,0.018060404807329178,0.00034360187052856505,other,65,144.0
price_position_50d,0.49032067219777675,0.009679327802223248,0.6153846153846154,-0.023704957216978073,-0.036913260189671164,other,65,418.0
HC_GP_Composite,0.5096699880122728,0.009669988012272812,0.5384615384615384,0.06706710159778595,-0.015123534372423551,high_close,65,165.0
HC_Ratio,0.49054058090787733,0.009459419092122667,0.6307692307692307,0.013029851950705051,-0.0128534045001617,high_close,65,22.0
high_close_ratio,0.49054058090787733,0.009459419092122667,0.6307692307692307,0.013029851950705051,-0.0128534045001617,high_close,65,18.0
High_Close_Ratio,0.49054058090787733,0.009459419092122667,0.6307692307692307,0.013029851950705051,-0.0128534045001617,high_close,65,28.0
noise_WhiteNoise,0.4910404870874692,0.008959512912530776,0.6,-0.026332827284932137,0.011180403053310577,other,65,513.0
Lyapunov_Scaled,0.5084665430832027,0.008466543083202716,0.5384615384615384,0.04112301766872406,0.004649954706021003,complexity/chaos,65,178.0
autocorrelation,0.4916811824438654,0.008318817556134617,0.5846153846153846,-0.0373481884598732,0.00014709792857846036,complexity/chaos,65,305.0
G_Multi_Point_Price_Analyzer,0.5083056156452962,0.008305615645296194,0.5692307692307692,0.005954541265964508,-0.03564657820576805,genetic,65,304.0
Price_Differential_Ratio_Acceleration_5d,0.5082156035670466,0.008215603567046648,0.5692307692307692,0.01958758570253849,-0.00777721443440583,price_differential,65,497.0
cv_20d,0.4918133164186649,0.008186683581335119,0.5076923076923077,-0.01541017647832632,-0.04107869020129391,volatility,65,252.0
price_position_20d,0.5080935572885992,0.008093557288599174,0.5384615384615384,0.035037025809288025,-0.05035925071754048,other,65,284.0
beta_QQQ,0.5079947939201486,0.007994793920148568,0.5230769230769231,0.015160632319748402,-0.00046295015856857966,other,65,121.0
volume_volatility,0.4921623164038669,0.007837683596133127,0.5230769230769231,-0.028750838711857796,-0.016049627426201116,volume,65,410.0
percent_change_Close_lag_10,0.492174890539419,0.007825109460581015,0.5538461538461539,-0.02550259232521057,-0.009788626081507766,genetic,65,450.0
N1_WN_LC,0.5077213968699337,0.007721396869933672,0.5076923076923077,0.03145143389701843,0.004325928497391775,other,65,
beta_DIA,0.5076608954677546,0.007660895467754614,0.5538461538461539,0.016458695754408836,0.002290108891484483,other,65,168.0
Distance to Resistance (%),0.50709517961021,0.007095179610210001,0.5384615384615384,0.0244856309145689,0.0462844336922129,distance_to_level,65,293.0
Price_Differential_Ratio_InfoDecay_5d,0.492935492014665,0.007064507985334978,0.5538461538461539,-0.010797171853482723,-0.01026319498677165,price_differential,65,406.0
higuchi_fractal_dimension,0.4930063054413676,0.006993694558632413,0.5384615384615384,-0.007606848608702421,-0.005885276931823343,complexity/chaos,65,507.0
Price_Differential_Ratio_InfoDecay_3d,0.49312109128411213,0.006878908715887866,0.5538461538461539,-0.024599509313702583,-0.0040735544493079884,price_differential,65,158.0
Distance to Support (%),0.49330744647187597,0.0066925535281240345,0.5076923076923077,0.015023266896605492,-0.049377497352632034,distance_to_level,65,279.0
return_20d,0.49364515822793814,0.006354841772061859,0.5538461538461539,0.017526565119624138,-0.05374616451329101,momentum/return,65,347.0
atr_regime_high,0.4940199866742113,0.00598001332578868,0.6923076923076923,-0.05986858531832695,-0.0022907836780920164,atr,65,6.0
return_10d_abs,0.5057407245773439,0.00574072457734387,0.5076923076923077,0.02743370272219181,-0.023663262386306335,momentum/return,65,402.0
G_PDA_Info_Decay_3d,0.49468261154472065,0.005317388455279348,0.5076923076923077,-0.00898093543946743,0.0026019824285497925,genetic,65,542.0
G_PDA_Autocorr_3d,0.5053173884552793,0.005317388455279293,0.5076923076923077,0.008981435559689999,-0.002601734322638744,complexity/chaos,65,342.0
Price_Differential_Ratio_Autocorr_3d,0.5053173884552793,0.005317388455279293,0.5076923076923077,0.008981435559689999,-0.002601734322638744,price_differential,65,313.0
trend_consistency_20d,0.505250417714232,0.005250417714231959,0.5538461538461539,0.009969193488359451,-0.015870815317103756,trend,65,508.0
corr_QQQ,0.49487068843767845,0.005129311562321548,0.5076923076923077,-0.018032299354672432,0.01608256599141378,other,65,136.0
Price_Differential_Ratio_BullishCross,0.5050951299795062,0.00509512997950623,0.5076923076923077,0.029209518883283266,-0.019793691948832428,price_differential,65,585.0
F1_PinkNoise,0.5049108072747244,0.004910807274724371,0.5076923076923077,0.018241703510284424,-0.009104621191123322,other,65,
atr_percentile_rank,0.4953265552640731,0.004673444735926902,0.5692307692307692,-0.02695617452263832,0.0207742305506274,atr,65,38.0
Price_Differential_Ratio_Autocorr_5d,0.5046307519433023,0.004630751943302314,0.5076923076923077,0.007568919565528631,0.013524061011625574,price_differential,65,503.0
volume_entropy,0.49554641716993547,0.004453582830064529,0.5076923076923077,-0.04201066121459007,0.0021507697379097804,volume,65,316.0
KC_UPPER%,0.495561276820434,0.0044387231795660065,0.5076923076923077,-0.02618420124053955,0.048106494215592994,channel,65,90.0
cv_50d,0.5043846075243726,0.004384607524372641,0.5384615384615384,0.04591810703277588,-0.03581976051127363,volatility,65,199.0
cv_50d_regime_high,0.4957917694023313,0.004208230597668727,0.5384615384615384,-0.017869144678115845,-0.0002077225844296106,volatility,65,562.0
distance_from_sma_50d,0.4962385791954359,0.0037614208045640973,0.5230769230769231,-0.0009948998922482133,-0.05476297021651759,trend,65,367.0
corr_DIA,0.49629153439563833,0.003708465604361666,0.5230769230769231,-0.01817530021071434,0.021383475685928768,other,65,31.0
corr_VIX,0.5036712177401578,0.003671217740157773,0.5384615384615384,0.015665872022509575,-0.012624741440464968,vix,65,120.0
corr_SPY,0.49636989467034737,0.003630105329652633,0.5230769230769231,-0.01583506353199482,0.018925176192597554,other,65,111.0
RSI,0.49648056324941064,0.0035194367505893553,0.5384615384615384,-0.007925930432975292,-0.05219769964974452,oscillator,65,387.0
Price_Differential_Ratio_SignalPersistence,0.5034903059385746,0.0034903059385745783,0.5230769230769231,-0.005083541143383571,0.004694032062318659,oscillator,65,270.0
Price_Differential_Ratio_LowVolatilityRegime,0.4965133475741989,0.0034866524258010956,0.5692307692307692,-0.014623859123530763,-0.014819252326532636,price_differential,65,307.0
Price_Differential_Ratio_MomentumAccelerating,0.4965271493710283,0.00347285062897168,0.5846153846153846,-0.016694346729683587,0.012485492356355597,momentum/return,65,592.0
higher_order_moments_Skewness,0.5030604444208419,0.003060444420841857,0.5076923076923077,0.04314830154180527,-0.021726624240019126,other,65,417.0
stress_v6,0.5029053387377801,0.0029053387377800943,0.5230769230769231,0.02576625347137451,-0.02289024550818993,other,65,452.0
Price_Differential_Ratio_HighVolatilityRegime,0.4973633887684233,0.002636611231576713,0.49230769230769234,-0.019688157745902417,0.0059832939038685935,price_differential,65,586.0
Pattern_Indicator,0.5022961458634767,0.0022961458634767062,0.5538461538461539,-0.008618528954684734,0.028376639922976402,other,65,234.0
cv_10d_percentile,0.49789956456287526,0.002100435437124737,0.5076923076923077,-0.011623270809650421,-0.0071475261600966395,volatility,65,334.0
Volume_rolling_28,0.5016913882796931,0.0016913882796930624,0.5230769230769231,0.00857436191290617,-0.004722860791348291,volume,65,434.0
cv_10d_regime_high,0.4985000475732643,0.0014999524267356734,0.5846153846153846,-0.0055463616736233234,-0.022218500514380433,volatility,65,556.0
Market_Regime,0.4986064289089814,0.0013935710910186194,0.5384615384615384,-0.007926223799586296,0.03547268961100781,regime,65,438.0
trend_direction_50d,0.5013935710910186,0.001393571091018564,0.5384615384615384,0.008125131949782372,-0.03547268961100781,trend,65,568.0
Trend_Direction,0.5013935710910186,0.001393571091018564,0.5384615384615384,0.008125131949782372,-0.03547268961100781,trend,65,584.0
Volume_lag_1,0.5012458332305739,0.0012458332305739228,0.5538461538461539,0.014202937483787537,-0.013703592002806353,volume,65,216.0
Price_Differential_Ratio_BearishCross,0.498871413192817,0.001128586807182974,0.5538461538461539,-0.01271016759903996,0.009874708102949745,price_differential,65,551.0
vix_percentile_rank,0.5009892943079238,0.000989294307923827,0.03076923076923077,-0.0013104836689308286,0.033768878766509934,vix,65,71.0
doji_pattern,0.4990749195760981,0.0009250804239018806,0.6923076923076923,-0.012985491193830967,0.011196163728414438,other,65,566.0
G_Volume_Weighted_High_Ratio,0.49937799284344786,0.0006220071565521401,0.5076923076923077,-0.0014767885440960526,0.011324985165789175,volume,65,166.0
percent_change_Close_lag_1,0.5005671649229242,0.0005671649229241904,0.5538461538461539,0.0005318482872098684,-0.0308106510960748,genetic,65,287.0
VIX_Z_20d,0.5005128205128205,0.0005128205128205332,0.015384615384615385,-0.0045511191710829735,0.14088669950738916,vix,65,37.0
VIX_Mean_100d,0.5005128205128205,0.0005128205128205332,0.015384615384615385,0.0010313609382137656,0.14088669950738916,vix,65,197.0
VIX_MA50,0.5005128205128205,0.0005128205128205332,0.015384615384615385,0.0002891045587603003,0.14088669950738916,vix,65,139.0
VIX_Mean_50d,0.5005128205128205,0.0005128205128205332,0.015384615384615385,0.00044679714483208954,0.14088669950738916,vix,65,119.0
VIX_of_VIX,0.5005128205128205,0.0005128205128205332,0.015384615384615385,-0.0024188414681702852,0.14088669950738916,vix,65,160.0
vix_zscore,0.5005128205128205,0.0005128205128205332,0.015384615384615385,-0.004503839649260044,0.14088669950738916,vix,65,88.0
VIX_Change_20d,0.4994871794871795,0.0005128205128204777,0.015384615384615385,-0.0053148469887673855,-0.14088669950738916,vix,65,43.0
VIX_Z_50d,0.4994871794871795,0.0005128205128204777,0.015384615384615385,-0.0037118892651051283,-0.14088669950738916,vix,65,53.0
VIX_Std_20d,0.4994871794871795,0.0005128205128204777,0.015384615384615385,-0.0017702593468129635,-0.14088669950738916,vix,65,124.0
VIX_Std_50d,0.4994871794871795,0.0005128205128204777,0.015384615384615385,8.884589624358341e-05,-0.14088669950738916,vix,65,62.0
VIX_Mean_20d,0.4994871794871795,0.0005128205128204777,0.015384615384615385,0.00025261909468099475,-0.14088669950738916,vix,65,72.0
VIX_Z_100d,0.4994871794871795,0.0005128205128204777,0.015384615384615385,-0.003672312945127487,-0.14088669950738916,vix,65,91.0
VIX_Std_100d,0.4994871794871795,0.0005128205128204777,0.015384615384615385,-0.0005372839514166117,-0.14088669950738916,vix,65,191.0
VIX_MA20,0.4994871794871795,0.0005128205128204777,0.015384615384615385,0.0006815411034040153,-0.14088669950738916,vix,65,45.0
VIX_of_VIX_Z,0.4994871794871795,0.0005128205128204777,0.015384615384615385,-0.0027281425427645445,-0.14088669950738916,vix,65,65.0
cv_10d_regime_low,0.49949396642303495,0.0005060335769650481,0.5076923076923077,-0.003861554665490985,-0.003672112115853684,volatility,65,559.0
Volume_rolling_90,0.5004084800264366,0.000408480026436564,0.5076923076923077,0.0004368463414721191,-0.0030447380281472306,volume,65,377.0
VIX_Percentile_252d,0.5003975783315925,0.00039757833159248523,0.046153846153846156,-0.0020846789702773094,0.04814103090978258,vix,65,27.0
atr_regime_low,0.4996523022863628,0.00034769771363718505,0.5230769230769231,-0.0030797726940363646,-0.02119952332217829,atr,65,148.0
Price_Differential_Ratio_ExtremeLow,0.500292894341148,0.00029289434114798674,0.06153846153846154,0.02002444747622228,0.04501939682519188,price_differential,65,580.0
Volume_std,0.49976566568347863,0.00023433431652136738,0.5384615384615384,0.018215322867035866,-0.005633490894622978,volume,65,317.0
corr_IWM,0.5001689116089553,0.0001689116089552689,0.5692307692307692,-0.009882899932563305,0.02558438382350342,other,65,33.0
dfa_alpha,0.49996038671709075,3.9613282909245484e-05,0.5076923076923077,0.017727678641676903,-0.008406917029429736,complexity/chaos,65,426.0
VIX_Cross_10_50,0.5,0.0,0.0,,,vix,65,415.0
VIX_Extreme_High,0.5,0.0,0.0,,,vix,65,20.0
VIX_Cross_20_50,0.5,0.0,0.0,,,vix,65,105.0
VIX_Factor,0.5,0.0,0.0,0.0025313582736998796,,vix,65,70.0
VIX_Spike,0.5,0.0,0.0,,,vix,65,583.0
VIX_Bottom,0.5,0.0,0.0,,,vix,65,183.0
VIX_Extreme_Low,0.5,0.0,0.0,0.0009150533877730479,,vix,65,582.0
vix_momentum_5d,0.5,0.0,0.0,-0.005186138208955526,,vix,65,89.0
vix_acceleration,0.5,0.0,0.0,-0.0034912177361547947,,vix,65,35.0
vix_regime_low,0.5,0.0,0.0,0.00021763138647656888,,vix,65,573.0
vix_regime_scale,0.5,0.0,0.0,-0.0016417255392298102,,vix,65,539.0
vix_regime_high,0.5,0.0,0.0,0.001815531519241631,,vix,65,32.0
VIX_Risk_Multiplier,0.5,0.0,0.0,-0.003038028022274375,,vix,65,96.0
VIX_Acceleration,0.5,0.0,0.0,-0.0033723616506904364,,vix,65,49.0
VIX_MA10,0.5,0.0,0.0,0.0011135032400488853,,vix,65,73.0
VIX_Change_10d,0.5,0.0,0.0,-0.004712880589067936,,vix,65,79.0
VIX_Change_5d,0.5,0.0,0.0,-0.005186138208955526,,vix,65,109.0
VIX_Momentum,0.5,0.0,0.0,-0.00456579914316535,,vix,65,128.0
VIX_Close,0.5,0.0,0.0,-0.003037890652194619,,vix,65,86.0
VIX_Regime_Numeric,0.5,0.0,0.0,-0.0017575916492846315,,vix,65,545.0
VIX_Percentile_30d,0.5,0.0,0.0,-0.0038757589645683765,,vix,65,46.0
VIX_Percentile_60d,0.5,0.0,0.0,-0.004100473131984472,,vix,65,34.0
VIX_Change_1d,0.5,0.0,0.0,-0.0025637096259742975,,vix,65,57.0
