feature,tdmd_ic,tdmd_ir,tdmd_days,global_ic,global_ir,model_rank,abs_tdmd_ir
14ma%_count,0.06310354004657695,0.36716646621987814,71,0.018477809892979404,0.1357819711203585,479.0,0.36716646621987814
Mean_Reversion_Z_Score_28_std_1,0.05574401734014498,0.33199392329364824,71,0.014287277482490125,0.10646644940330031,299.0,0.33199392329364824
dollar_volume_std_252,-0.0337504845554244,-0.3273742710779601,71,-0.00737403886996144,-0.08344619522594668,237.0,0.3273742710779601
Lyapunov_Exponent_MA,0.0603082575159563,0.32673171083114355,71,0.013465790753252058,0.09025609121168425,311.0,0.32673171083114355
dollar_volume_ratio_252d,0.042264397439732884,0.3143810033610697,71,0.022348635273468358,0.31340697505431475,36.0,0.3143810033610697
Mean_Reversion_Z_Score_90_std_1,0.05582418485283675,0.3127787670865689,71,0.01870215730546559,0.14187164733954655,430.0,0.3127787670865689
Price_Differential_Ratio_InfoDecay_5d,0.027763051995953476,0.3123543587826012,71,0.006110142955168977,0.14614714880812069,406.0,0.3123543587826012
Volume_Spectral_Splatter,0.028676571378749603,0.31164603321337275,71,0.003634055058100855,0.11051058859729408,522.0,0.31164603321337275
Weighted_Close_Change_Velocity,0.05184262083499858,0.31161739988955384,71,0.026059177601242142,0.19807952435409265,393.0,0.31161739988955384
N4_SpectralEnt,0.03593175258947269,0.3013910410229463,71,0.018243869422154405,0.2628618408819847,,0.3013910410229463
dvamr_probability,0.03353186018168399,0.2932819860856389,71,0.0034395049419731942,0.03627673173462411,359.0,0.2932819860856389
Distance to Resistance (%),-0.05238463676364532,-0.28927751050829426,71,-0.011049786906840893,-0.07647377801499633,293.0,0.28927751050829426
Dynamic_RSI,0.051725596573062915,0.28816277365184184,71,0.009761825549680424,0.06300655228986261,372.0,0.28816277365184184
volume_entropy,0.03693950878861399,0.2878807151214771,71,0.017171894973322055,0.22782115152946333,316.0,0.2878807151214771
dollar_volume_zscore,0.039406787646074345,0.28742129094164803,71,0.02074170390454368,0.2827273429927579,26.0,0.28742129094164803
Distance to Support (%),0.05111173535821146,0.28711200931310127,71,0.009754957752053052,0.0707698015993721,279.0,0.28711200931310127
atr_regime_low,-0.03517701616721446,-0.28563887156394513,71,-0.012956214395734458,-0.21991348736297067,148.0,0.28563887156394513
autocorrelation,-0.03132746193845183,-0.27872848717021803,71,-0.011168441946404624,-0.1944858989508078,305.0,0.27872848717021803
VWAP%_from_high,0.04763336387131599,0.2784923247229372,71,0.024017095568697754,0.1847516965027909,186.0,0.2784923247229372
liquidity_stress_3d,0.03881274528577979,0.27836647286652527,71,0.024457981995354223,0.34745061864697085,462.0,0.27836647286652527
trend_direction_50d,0.04631197995224123,0.27441873554704466,71,0.01095717737386548,0.09037299333386437,568.0,0.27441873554704466
Market_Regime,-0.04631197995224123,-0.27441873554704466,71,-0.01095717737386548,-0.09037299333386437,438.0,0.27441873554704466
Trend_Direction,0.04631197995224123,0.27441873554704466,71,0.01095717737386548,0.09037299333386437,584.0,0.27441873554704466
Mean_Reversion_Z_Score_151_std_3,0.050247870059566026,0.2692897235042151,71,0.019088627591614435,0.13560431836089845,461.0,0.2692897235042151
return_5d_abs,-0.03173040309974658,-0.2605230502546108,71,-0.00381023570400697,-0.048009417257478725,433.0,0.2605230502546108
price_position_100d,0.04728811388653446,0.2585186234475467,71,0.014790557608306026,0.10969761197697364,490.0,0.2585186234475467
Perc_Diff,0.04857259580851495,0.25575444739941205,71,0.017789035413259442,0.10671565584133151,153.0,0.25575444739941205
time_between_extremes,0.04096885163528438,0.2553556318130032,71,0.0052068983123773815,0.04889129601864616,424.0,0.2553556318130032
price_position_50d,0.04541921476053039,0.24949127615806296,71,0.008420797573298952,0.06151789485477354,418.0,0.24949127615806296
return_20d,0.044186185993438744,0.24434132478712609,71,0.01279628823701925,0.08586631642212046,347.0,0.24434132478712609
percent_from_high,0.04505402253054695,0.242448956536507,71,0.023354881598032274,0.16804307945320932,195.0,0.242448956536507
cv_10d,-0.030440087033314044,-0.24187210360964198,71,-0.00683683433245041,-0.06591106303601053,247.0,0.24187210360964198
Price_Differential_Ratio_SignalPersistence,0.02498594145675375,0.2404838808126387,71,0.0030938791687385356,0.06120526242625649,270.0,0.2404838808126387
atr_percentile_rank,0.03264522086908735,0.239675667954295,71,0.013278690649628203,0.17947468613560516,38.0,0.239675667954295
Price_Differential_Ratio_Autocorr_5d,-0.022678965180390077,-0.23895741022690548,71,-0.005987883458074261,-0.12139905001427254,503.0,0.23895741022690548
distance_from_sma_50d,0.04434339487177051,0.2378125712593455,71,0.009269352924033053,0.0626264670505857,367.0,0.2378125712593455
dollar_volume_percentile,0.03261497016022291,0.23662958264226816,71,0.020112293766949393,0.27038691235914747,354.0,0.23662958264226816
Volume_std,-0.025040869692982644,-0.2240053669243276,71,0.002731058439463052,0.02911104747194984,317.0,0.2240053669243276
return_3d_abs,-0.02389503665515106,-0.21897729995822787,71,-0.005286711146571046,-0.06324894358506973,381.0,0.21897729995822787
alpha_QQQ,0.03842413189424878,0.21810976659304923,71,0.011132385258893282,0.08632536796006329,474.0,0.21810976659304923
alpha_SPY,0.03792900146569484,0.217604586107758,71,0.012057743063484814,0.09506291903734831,202.0,0.217604586107758
dollar_volume_ma_252,-0.023431148725085102,-0.2147798367183553,71,-0.0032650516036289005,-0.036423633952052906,374.0,0.2147798367183553
alpha_IWM,0.03641327885523621,0.21363482323779873,71,0.013763227718554736,0.10886874149760395,291.0,0.21363482323779873
alpha_VIX,0.0371252748322033,0.20990400738742027,71,0.009373684217094221,0.07177964437196951,330.0,0.20990400738742027
Price_Differential_Ratio_Acceleration_5d,0.019129734710360297,0.20973615835090392,71,0.007006826593098532,0.17581648960431187,497.0,0.20973615835090392
alpha_DIA,0.036504735593906525,0.20839269029490085,71,0.013484136164262913,0.1037615444304468,475.0,0.20839269029490085
return_10d_abs,-0.027973246192984393,-0.20000171313924278,71,-0.012006998855584143,-0.1285493302773573,402.0,0.20000171313924278
price_acceleration,-0.026680421303846787,-0.19864804195172162,71,-0.005431552578206889,-0.047519953563600156,353.0,0.19864804195172162
Volume_rolling_90,-0.022844701842910688,-0.19683025875605634,71,0.0016444951129627762,0.016796422618863792,377.0,0.19683025875605634
stress_v6,-0.022793691994136167,-0.19567151846593034,71,-0.00410317582648077,-0.02926286715667791,452.0,0.19567151846593034
Price_Differential_Ratio_InformationRatio,-0.025561162844303643,-0.1941559047870846,71,-0.010645415985675609,-0.14348825052199746,420.0,0.1941559047870846
RSI,0.036725858784535624,0.19258480308901388,71,0.0071423018268560534,0.04590796567420556,387.0,0.19258480308901388
noise_PinkNoise,-0.0210132112024376,-0.1921942746695362,71,-0.006725184435514678,-0.12279671192473605,363.0,0.1921942746695362
trend_consistency_20d,0.03254123376967384,0.1906823175824274,71,0.013012401712976159,0.11047875613876214,508.0,0.1906823175824274
Price_Differential_Ratio_Autocorr_3d,-0.020987357584315677,-0.19056213985393405,71,0.0017607152556544635,0.03145538316382167,313.0,0.19056213985393405
G_PDA_Info_Decay_3d,0.020987357584315677,0.19056213985393405,71,-0.0017607307587257598,-0.03145564835939688,542.0,0.19056213985393405
G_PDA_Autocorr_3d,-0.020987357584315677,-0.19056213985393405,71,0.0017607152556544635,0.03145538316382167,342.0,0.19056213985393405
volume_persistence,0.022761039399041526,0.18850248850524573,71,0.02261727687507517,0.432584769133589,530.0,0.18850248850524573
cv_50d_regime_high,0.022033431014807016,0.1862173123589402,71,0.011385762561466119,0.15664616245967364,562.0,0.1862173123589402
higuchi_fractal_dimension,-0.021463012319916583,-0.18513794771115735,71,-0.010051912776000533,-0.15861518787275863,507.0,0.18513794771115735
higher_order_moments_Skewness,-0.023916097812891654,-0.18487262478567057,71,-0.01559954497086858,-0.2104543854024822,417.0,0.18487262478567057
entropy,0.021707934636210565,0.18108779492474095,71,0.018960972823437647,0.2886973489002113,173.0,0.18108779492474095
cv_50d_regime_low,-0.018911442139850472,-0.1779382959814894,71,-0.007719524718085822,-0.13413049131215737,268.0,0.1779382959814894
higher_order_moments_Kurtosis,-0.022242451220937022,-0.17548087592106557,71,-0.018979130079627746,-0.2916888882072333,164.0,0.17548087592106557
14ma%_change,-0.02028668037123605,-0.17382796773817635,71,-0.008117111285278453,-0.14100223214704216,481.0,0.17382796773817635
noise_WhiteNoise,-0.018225447869249095,-0.1713384949003875,71,-0.0006624604324076532,-0.019200870543707272,513.0,0.1713384949003875
Price_Differential_Ratio_InfoDecay_3d,0.016753248070894254,0.16966900946625205,71,-0.0019576919058513645,-0.036681324874733766,158.0,0.16966900946625205
cv_50d_percentile,0.021509226796801447,0.1657877131891967,71,0.014184005540558719,0.16660913882379744,296.0,0.1657877131891967
price_position_20d,0.030377683427974235,0.16448810183659196,71,0.0031473189682940028,0.02193089805132138,284.0,0.16448810183659196
sustained_volume_burst_count,-0.017532512298590455,-0.16261815974689406,70,-0.005088316298103968,-0.16504578475410575,565.0,0.16261815974689406
KC_UPPER%,-0.028670951852592587,-0.15967541966299062,71,-0.008441500241480453,-0.05357983642139452,90.0,0.15967541966299062
trading_signal_composite,0.023329892889881153,0.15922230575821503,71,0.012837414353869411,0.126872368314429,397.0,0.15922230575821503
stress_v7,-0.020495806815148197,-0.15804461098767447,71,-0.0045642050602944725,-0.031332410620797314,519.0,0.15804461098767447
Lyapunov_Exponent,0.028509902487327866,0.1553957593771858,71,0.005777880127975312,0.0379604191327221,412.0,0.1553957593771858
HC_Predict_Regime_norm,0.019979977574256527,0.1536497695434408,71,0.004042225037785551,0.04337193893372684,244.0,0.1536497695434408
Volume_rolling_28,-0.01781951405108259,-0.1513884730156189,71,0.004616499290163413,0.04701564199478434,434.0,0.1513884730156189
distance_from_sma_20d,0.027785377816994014,0.15017110484540275,71,0.00626895980510077,0.040252068442469854,150.0,0.15017110484540275
percent_change_Close_lag_10,0.02302900945137103,0.1491533202090776,71,0.017295927374822533,0.14363973028082105,450.0,0.1491533202090776
volatility_score,0.01826343986667783,0.14877051360335258,71,0.004273188610459446,0.05188627423842888,505.0,0.14877051360335258
KC_LOWER%,0.027016927517710093,0.14588859393383297,71,0.003447801521217689,0.023434254603558403,457.0,0.14588859393383297
Volume%_rolling_90,0.019840317618985113,0.14334873469820714,71,0.019769812865462637,0.2976338975008195,63.0,0.14334873469820714
market_regime_composite,0.023678013849351483,0.14304234149596742,71,0.006077989807493155,0.04647463943162759,567.0,0.14304234149596742
trend_direction_20d,0.023678013849351483,0.14304234149596742,71,0.006077989807493155,0.04647463943162759,549.0,0.14304234149596742
days_since_high,-0.024853131661899636,-0.13658161956001233,71,-0.015603297917088437,-0.1290162023946918,193.0,0.13658161956001233
N1_WN_LC,-0.019397212750693078,-0.13612158715448208,71,0.008583134188374773,0.09658292957193877,,0.13612158715448208
Price_Differential_Ratio_ExtremeHigh,-0.015612709122721084,-0.13410643599836833,71,-0.0056233179561218545,-0.11097644282047715,581.0,0.13410643599836833
volume_momentum_ratio,0.017284161427029782,0.13325790740189497,71,0.02194961035640895,0.4749032288937295,329.0,0.13325790740189497
volume_trend_strength,0.017284161427029782,0.13325790740189497,71,0.021949655564893224,0.4749047048044603,529.0,0.13325790740189497
volume_trend_5d_20d,0.017284161427029782,0.13325790740189497,71,0.02194961035640895,0.4749032288937295,259.0,0.13325790740189497
G_Lagged_Price_Volume_Convergence,0.015806574458488026,0.13246927942468137,71,0.006612232710960624,0.0545553386837851,327.0,0.13246927942468137
Pattern_Indicator,-0.022767209351252933,-0.13244086692595888,71,-0.003380912654142244,-0.024932638509543487,234.0,0.13244086692595888
return_10d,0.02313189548564063,0.1313174237097186,71,0.011131149029283461,0.07372437194974678,349.0,0.1313174237097186
percent_change_Close_lag_5,0.02147432027349493,0.12988705640139264,71,-0.006077607822504437,-0.050996581279768236,384.0,0.12988705640139264
ATR%,-0.015372370764402376,-0.12739338403408837,71,-0.00978170656463015,-0.05991315296597915,10.0,0.12739338403408837
atr_percentage,-0.015372370764402376,-0.12739338403408837,71,-0.009781707273756744,-0.059913143409938405,15.0,0.12739338403408837
G_Price_Volume_Disparity_Index,-0.016487331321357566,-0.12640052850458888,71,-0.010892570962699973,-0.07845594767809481,280.0,0.12640052850458888
Volume_lag_1,-0.01616244862855531,-0.12515465956933322,71,0.009210710252474595,0.09303993771275058,216.0,0.12515465956933322
cv_10d_percentile,-0.016283473593507562,-0.12345519676462696,71,0.004329998166259921,0.053923797246021705,334.0,0.12345519676462696
gap_absolute,0.016830744239350756,0.11974627891606139,71,0.007596539537787416,0.07520259622303513,455.0,0.11974627891606139
mp_d4_b50_raw_top_left,-0.015585487803124983,-0.118638890164519,71,-0.02741475429235902,-0.3179963115211277,,0.118638890164519
F1_PinkNoise,-0.015245268897152078,-0.1176011306364618,71,0.005374513410609533,0.060723233243500076,,0.1176011306364618
cv_10d_regime_low,0.011116179996687976,0.11564335603036976,71,-0.00493918866062444,-0.08343397430226698,559.0,0.11564335603036976
F4_Price_Ratio,-0.019503993006212337,-0.1151985105723641,71,0.0047285946087588515,0.04474505481772541,,0.1151985105723641
Log_Return,-0.020376649628563392,-0.11287805013887146,71,0.004683117880787929,0.039519793310024476,243.0,0.11287805013887146
Price_Differential_Ratio_MomentumAccelerating,0.010553045982367433,0.10780216156460384,71,0.0003061779246389249,0.005416084983646128,592.0,0.10780216156460384
Price_Differential_Ratio_Diff_5d,0.012971021308440748,0.10525932989114714,71,0.015521944700572866,0.21067815899393955,315.0,0.10525932989114714
Price_Differential_Ratio_LogScale_Minmax_50d,0.01288387859426789,0.10391400891936223,71,0.01270526955905408,0.19043792829764053,502.0,0.10391400891936223
Price_Differential_Ratio_PctChange_5d,-0.012761922276559864,-0.1035741741986563,71,-0.015576101913205987,-0.21103864093517855,407.0,0.1035741741986563
Price_Differential_Ratio_LogDiff_5d,0.012756387678100533,0.10352859655647931,71,0.015576405079693247,0.21104250424264964,179.0,0.10352859655647931
High_Close,-0.017479208576734562,-0.10244154971599147,71,0.00478000078057899,0.04522011653015497,294.0,0.10244154971599147
liquidity_score,0.012630643749851083,0.10142092817967112,71,0.013946394401617717,0.26902158858751124,249.0,0.10142092817967112
VWAP%,0.01826189325413349,0.10141013960831241,71,0.005571128769689821,0.03710431827727411,504.0,0.10141013960831241
gap_percentage,-0.01845588327516148,-0.10130949830229999,71,-0.0016906417258030165,-0.01252478550291869,188.0,0.10130949830229999
gap_in_atr_terms,-0.01817001865946142,-0.10089307178348618,71,-0.0014898816873589783,-0.011747097653179163,333.0,0.10089307178348618
corr_QQQ,0.02017571204988176,0.10079437694178028,71,-0.008117346715006378,-0.039017323482956036,136.0,0.10079437694178028
beta_QQQ,0.02009794985277729,0.09933534453803851,71,-0.010909096653183964,-0.05200938926830807,121.0,0.09933534453803851
mp_d4_b185_sym_trace,-0.014462537718360138,-0.09860622660157088,71,-0.01429703676920424,-0.15052673839441333,,0.09860622660157088
corr_IWM,0.017901459275566595,0.09789303057686595,71,-0.009803593112232153,-0.04591868353239064,33.0,0.09789303057686595
cv_20d_regime_low,-0.010532469021696059,-0.09768403469191364,71,-0.004909019090448528,-0.09505984907233693,558.0,0.09768403469191364
14ma%,0.017377100424153743,0.09708901950837637,71,0.00804667826964146,0.05339432741489654,341.0,0.09708901950837637
corr_SPY,0.01848935345316471,0.09705808628154218,71,-0.011746743271859292,-0.05633000864064449,111.0,0.09705808628154218
cv_20d_regime_high,-0.011978997682407412,-0.09686457121362722,71,-0.003270199850674729,-0.04458907619017974,560.0,0.09686457121362722
G_Price_Volatility_Trend_Measure,-0.012510630871218283,-0.09679166908658292,71,-0.008033103406184698,-0.056852058613751325,222.0,0.09679166908658292
mp_d4_b291_sym_top_left,-0.011838824015027956,-0.09677672587878358,71,-0.02865033557122213,-0.26806335308932316,,0.09677672587878358
beta_SPY,0.0182772638526835,0.09549734247090856,71,-0.015491327034247269,-0.07187079806789984,144.0,0.09549734247090856
G_High_Price_Momentum_Indicator,-0.013665036291073733,-0.094562620669302,71,-0.00854292429866914,-0.07514270537118375,440.0,0.094562620669302
G_Log_Scaled_Price_Ratio,-0.013665036291073733,-0.094562620669302,71,-0.00854305530812569,-0.0751439680092526,250.0,0.094562620669302
trend_direction_10d,0.014533727847764893,0.09321733666035134,71,0.00623429667814622,0.050622189104205115,557.0,0.09321733666035134
CID_Mean,-0.011795773903682078,-0.09240509034971911,71,-0.014685699040146853,-0.156095852141496,245.0,0.09240509034971911
emd_features_IMF_2_Std,-0.012143671641497378,-0.09167034623034981,71,-0.013884350182037448,-0.1546575971219116,460.0,0.09167034623034981
mp_d4_b477_skew_trace,0.013963188980927863,0.09135306915321921,71,0.00802412185734605,0.07664240450848754,,0.09135306915321921
CID_SD,-0.011682846768593097,-0.09122079457672677,71,-0.014519718330678626,-0.15510024126833752,223.0,0.09122079457672677
stress_vol_v7,-0.011675695164452113,-0.09049299966894847,71,0.0021775155410269317,0.016221057712216453,210.0,0.09049299966894847
time_reversal_asymmetry,-0.009906296648969599,-0.08904821678043454,71,0.009740341948500984,0.16663113018718034,467.0,0.08904821678043454
beta_IWM,0.016442504174232604,0.08734740737771274,71,-0.012946410498136034,-0.058713739321095706,98.0,0.08734740737771274
HC_Ratio_norm,0.01172512269030437,0.07815257826280662,71,0.006378347267458668,0.06481719247726764,212.0,0.07815257826280662
High_Close_Ratio_norm,0.01172512269030437,0.07815257826280662,71,0.006378347267458668,0.06481719247726764,405.0,0.07815257826280662
rapid_price_change_zscore,-0.011525007356241219,-0.07793668898036779,71,0.0015166303329080134,0.011436351600303648,184.0,0.07793668898036779
cv_50d,0.009861810114536403,0.07717915734492109,71,0.0010608763640049216,0.008144073843387176,199.0,0.07717915734492109
G_Logarithmic_Trend_Detector,-0.012113140390258325,-0.07706941434872991,71,-0.006865787701340379,-0.05053704456969097,428.0,0.07706941434872991
emd_features_IMF_1_Std,-0.010219529140214085,-0.07669180546502427,71,-0.014132073218213725,-0.15552201241502928,447.0,0.07669180546502427
trend_consistency_10d,0.012495408441390769,0.07630263809591178,71,0.005875134975098105,0.05178166700361991,538.0,0.07630263809591178
direction_flipper_count_10,0.012495408441390769,0.07630263809591178,71,0.005875134975098105,0.05178166700361991,546.0,0.07630263809591178
mp_d5_b39_sym_trace,-0.010907551182707148,-0.07624265637212845,71,-0.014452130361650266,-0.1416631326929272,,0.07624265637212845
Rolling_Std_28,0.009789074123756278,0.07412606227201664,71,-0.0043408151110265695,-0.04460924714365522,469.0,0.07412606227201664
MA_200,-0.009005411681370618,-0.07340987882117149,71,-0.008280085561839892,-0.11239050937793728,446.0,0.07340987882117149
hammer_pattern,-0.01020960689621919,-0.07168962231415453,71,-0.0046234831870788015,-0.05455097954980482,569.0,0.07168962231415453
G_Price_Open_Ratio_Indicator,0.00996317261978909,0.07163847649708904,71,0.013875969370861215,0.11652231490094578,302.0,0.07163847649708904
momentum_score,0.011936327909956912,0.07150163350599649,71,0.010704635515328248,0.08525897198812867,451.0,0.07150163350599649
Realized_Vol_10d,0.008066437583880466,0.06982117020637978,71,0.0037360672963118523,0.031183772888954613,276.0,0.06982117020637978
G_Volume_Price_Impact_Indicator,-0.00900069981861202,-0.06953559350063707,71,0.00905423763567215,0.09982032409902014,227.0,0.06953559350063707
G_Multi_Point_Price_Analyzer,-0.00862532790680686,-0.06899272912205631,71,0.0022657860939771816,0.027373708981471755,304.0,0.06899272912205631
G_Price_Volatility_Gauge,-0.008557990415394087,-0.06840021083339345,71,0.0022548053757920974,0.027565366882220284,369.0,0.06840021083339345
Volume%,0.009198274776856691,0.06820780383958946,71,0.013851211409438104,0.24300589593383054,23.0,0.06820780383958946
Rolling_Mean_151,-0.008266281125465732,-0.06731023868773958,71,-0.008072713179823915,-0.10914764937720635,548.0,0.06731023868773958
atr_regime_high,0.007073729456173623,0.06696241011931088,70,-9.28528564982818e-05,-0.001574203283560911,6.0,0.06696241011931088
emd_features_IMF_1_Energy,-0.008521970075537528,-0.06406982681070038,71,-0.01379759195151959,-0.15136813496791632,321.0,0.06406982681070038
emd_features_IMF_2_Energy,-0.00852904062461036,-0.06343050828766271,71,-0.013870196061523236,-0.1523793643392108,351.0,0.06343050828766271
Low_Close,-0.011559320888513983,-0.06326523117122843,71,0.015758652217251177,0.11230244088044485,320.0,0.06326523117122843
information_rate_of_change,0.008572682118727972,0.06200514556207758,71,-0.010960230642427174,-0.06905866659078919,29.0,0.06200514556207758
HC_Predict_Regime,0.00794984081176069,0.06104099533229831,71,-0.0013313455332186026,-0.011482698828879562,25.0,0.06104099533229831
cv_10d_regime_high,-0.00864488421312297,-0.05999677930930693,71,-0.005109730511818951,-0.07638581415285325,556.0,0.05999677930930693
Rolling_Std_151,-0.0076996425789775435,-0.05965359752151314,71,-0.012285026564249277,-0.13110186267214594,376.0,0.05965359752151314
Price_Differential_Ratio_LowVolatilityRegime,0.006471433447482212,0.05922813604228145,71,-0.0014334939677943888,-0.027426022472471237,307.0,0.05922813604228145
RSI_HC_Composite,-0.010525670482686121,-0.05856792414913043,71,0.0010659951441752288,0.008130800488379398,134.0,0.05856792414913043
mp_d4_b396_sym_trace,-0.008464841169400243,-0.057814708893362994,71,-0.006601510289323338,-0.07116808094616121,,0.057814708893362994
G_Volume_Trend_Analyzer,0.006378926121460892,0.0541480778585014,71,-0.002661543971644854,-0.061757687723433576,419.0,0.0541480778585014
dollar_volume_ma_10,-0.006071968294222878,-0.05281940837884149,71,0.003754967121923968,0.03973180347362859,204.0,0.05281940837884149
High_Close_Ratio,0.007256022119917998,0.048042881086693724,71,0.0026539964047384494,0.022122168623410727,28.0,0.048042881086693724
high_close_ratio,0.007256022119917998,0.048042881086693724,71,0.0026539964047384494,0.022122168623410727,18.0,0.048042881086693724
HC_Ratio,0.007256022119917998,0.048042881086693724,71,0.0026539964047384494,0.022122168623410727,22.0,0.048042881086693724
composite,-0.006856611911254856,-0.047622497318084704,71,-0.007320728746036862,-0.07490448724272518,,0.047622497318084704
VWAP_std200,0.006182609849782283,0.04760890880250562,71,-0.004517496411756622,-0.045636194286694805,288.0,0.04760890880250562
cv_20d,-0.006243185983298904,-0.046182164228334,71,-0.00786850719898097,-0.06414932159131564,252.0,0.046182164228334
spectral_entropy,-0.0048909604687143796,-0.045751740399779195,71,-0.009381113414886785,-0.25841329231780047,464.0,0.045751740399779195
Significant_Indicators_Ensemble,0.007119263019562307,0.04574069456328776,71,0.004023129043514561,0.038539537881457586,489.0,0.04574069456328776
Price_Differential_Ratio_Acceleration_3d,0.004280353918796967,0.04561971494520315,71,0.0020629953682764824,0.052614646495995704,532.0,0.04561971494520315
G_Volume_Weighted_High_Ratio,0.006005790769521356,0.04453472799661868,71,-0.008462424589652252,-0.08666928831396113,166.0,0.04453472799661868
Price_Differential_Ratio_LogScale_Rank_20d,0.005424183008290721,0.043949936336671595,71,0.0062156870098632805,0.08261245012705039,488.0,0.043949936336671595
return_20d_abs,-0.005602361456739263,-0.04287686595623314,71,0.0004481395140665804,0.004415844097514285,449.0,0.04287686595623314
Price_Differential_Ratio_Diff_10d,0.005143853886417203,0.042690682027655254,71,0.00999689858408837,0.1267862200188005,380.0,0.042690682027655254
G_Volume_Adjusted_Price_Indicator,0.005394034524827001,0.04199452749792677,71,-0.008459871222959303,-0.09936076392881152,444.0,0.04199452749792677
Price_Differential_Ratio_LogDiff_10d,0.00503980213518729,0.0417232151495183,71,0.00999898168726735,0.1266246864280692,103.0,0.0417232151495183
Price_Differential_Ratio_PctChange_10d,-0.00503980213518729,-0.0417232151495183,71,-0.009998538801858428,-0.12661868255416475,309.0,0.0417232151495183
Price_Differential_Ratio_MomentumDecelerating,-0.00474163978734584,-0.041512999607175825,71,0.005214290370512656,0.10110320406121429,572.0,0.041512999607175825
distance_from_sma_10d,0.007003401717932313,0.04125239317418961,71,0.002492765746113066,0.017468817755043813,282.0,0.04125239317418961
momentum_strength_5d,0.006036983295070441,0.04072647466874563,71,0.004442536252904562,0.03841515168974691,578.0,0.04072647466874563
corr_DIA,0.006889230199262823,0.03944040787788922,71,-0.019846729948148272,-0.09833233567946026,31.0,0.03944040787788922
Rolling_Mean_90,-0.0048110874153997054,-0.039272825600088025,71,-0.007182046572246607,-0.09652868791618513,399.0,0.039272825600088025
low_close_ratio,-0.005773404826868225,-0.038695520728305,71,-0.009829761220870786,-0.09340828975867088,5.0,0.038695520728305
percent_change_Close_lag_1,0.0054926951519860545,0.03711783900750037,71,-0.01547250694504235,-0.12691089607744624,287.0,0.03711783900750037
Price_Differential_Ratio_LogScale_Zscore_50d,0.004629233530309161,0.037057320207166726,71,0.007901625084926103,0.10139559488561212,297.0,0.037057320207166726
Rolling_Std_90,-0.004791481666485625,-0.036634676798345825,71,-0.013963457860867499,-0.16046553890712972,236.0,0.036634676798345825
Price_Differential_Ratio_WeightedSignalStrength,-0.00426233328976171,-0.0363835906311329,71,0.0016267925684830668,0.03263131802456765,591.0,0.0363835906311329
Lyapunov_Scaled,-0.004046818315310496,-0.03577567054244153,71,0.014616525365004905,0.23815464424999885,178.0,0.03577567054244153
mp_d4_b291_sym_frob,-0.0051799733408224935,-0.03454702997194366,71,-0.008589643824925573,-0.08709602329409548,,0.03454702997194366
volume_volatility,-0.0037154793882361063,-0.03450242808478596,71,0.0045704777491808735,0.0967496700599345,410.0,0.03450242808478596
minima,-0.004178271659046487,-0.03363521407572907,71,-0.007221511776474454,-0.09670836001505806,511.0,0.03363521407572907
RSI_HC_Composite_norm,0.005478064369916399,0.03351698145776966,71,0.003526769280088388,0.03201320141577603,213.0,0.03351698145776966
Pattern_Indicator_norm,-0.004738525640060591,-0.03196660734477607,71,-0.0005918427221113567,-0.005332929625960017,289.0,0.03196660734477607
Price_Differential_Ratio_Autocorr_1d,0.0033957695362658584,0.031069405781428673,71,0.0029945953660052522,0.048339790375838576,531.0,0.031069405781428673
Price_Differential_Ratio_LogScale_Minmax_10d,0.0035459109331711027,0.03056471626991369,71,0.0038697850381023456,0.05638048582250793,358.0,0.03056471626991369
Price_Differential_Ratio_InfoDecay_1d,-0.003285451820736837,-0.029996780058967318,71,-0.002409088575444899,-0.03975016874808478,499.0,0.029996780058967318
Rolling_Mean_28,-0.003626442020040509,-0.029344882880857348,71,-0.007130053511640297,-0.09528621832426908,83.0,0.029344882880857348
open_close_ratio,-0.0051437819522681715,-0.0292516793800658,71,0.006065063381988187,0.052528917772771015,172.0,0.0292516793800658
maxima,-0.003697822516880617,-0.029241205398855056,71,-0.007402067234013825,-0.09878609954907583,533.0,0.029241205398855056
doji_pattern,0.0024795932725480006,0.02803252912046339,66,0.0013490490288536124,0.03646113921782479,566.0,0.02803252912046339
Price_Differential_Ratio_LogScale_Rank_50d,0.0035076818346912063,0.027851910018524318,71,0.008161685877211791,0.10567828450921848,328.0,0.027851910018524318
Price_Differential_Ratio_LogScale_Zscore_10d,0.0034448922993016487,0.027528810620582257,71,0.004390481270114448,0.06132105355399074,303.0,0.027528810620582257
Realized_Vol_21d,0.0029548517399446955,0.027168327409687637,71,-0.004488354022173285,-0.033591277515160015,99.0,0.027168327409687637
VIX_vs_Realized_21d,-0.0029548517399446955,-0.027168327409687637,71,0.00448836932691226,0.03359139402382171,177.0,0.027168327409687637
beta_DIA,0.004830018806070749,0.026861858123414805,71,-0.022551448273051132,-0.1043664399455119,168.0,0.026861858123414805
VWAP_std14,0.0033692702932893253,0.026498052752259787,71,-0.005993848297485723,-0.06173523739478386,482.0,0.026498052752259787
SMA50,-0.0032455035444513666,-0.026212683424499377,71,-0.00686809254494841,-0.09178755736589927,398.0,0.026212683424499377
HC_GP_Composite,-0.0035769782460510456,-0.025574711676591262,71,0.005111547508207783,0.05244143342265578,165.0,0.025574711676591262
Price_Differential_Ratio_SignalStrength,-0.0027655373311547375,-0.023752081145460797,71,0.0016518848546050262,0.03335648865244047,553.0,0.023752081145460797
corr_VIX,-0.004092227060966711,-0.023230867989169908,71,0.01907703705864858,0.09581090860835238,120.0,0.023230867989169908
cv_20d_percentile,0.0032174780470177917,0.02255422217201306,71,0.0015663265348217648,0.018636637741827913,175.0,0.02255422217201306
Price_Differential_Ratio_BullishCross,0.0022874235723363144,0.021977103256699552,71,-0.0016653089362414157,-0.03981806556524232,585.0,0.021977103256699552
dollar_volume_ratio_10d,0.0027425910893032904,0.02165609670730202,71,0.0028546396944514048,0.05045822837555185,255.0,0.02165609670730202
mp_d4_b173_sym_top_left,-0.00298025106544065,-0.021028730273245845,71,-0.023298758896436546,-0.20565768689181282,,0.021028730273245845
mp_d5_b169_sym_top_left,0.003276317437565865,0.020863367269504208,71,-0.00023603802518752366,-0.002299232659633107,,0.020863367269504208
Price_Differential_Ratio_LogScale_Minmax_20d,-0.0024433518180239987,-0.019179026364057276,71,0.007124826662318907,0.09754144974675232,458.0,0.019179026364057276
mp_d4_b267_sym_trace,-0.002925463928857657,-0.019104067028293408,71,-0.006601339195204204,-0.07385332144364583,,0.019104067028293408
Price_Differential_Ratio_PctChange_3d,-0.002478651688898282,-0.019020268181797622,71,-0.005340455335301522,-0.0705108447316564,411.0,0.019020268181797622
Price_Differential_Ratio_LogDiff_3d,0.002478651688898282,0.019020268181797622,71,0.005340714592541087,0.07051434632545064,525.0,0.019020268181797622
momentum_strength_continuous,0.0030429745333277903,0.018957512078385794,71,0.001952988931849802,0.01392040067345684,301.0,0.018957512078385794
Price_Differential_Ratio_Diff_3d,0.0024441282511307194,0.018795065962639097,71,0.005249414281709083,0.06936682625779997,310.0,0.018795065962639097
return_5d,0.0029694567967209033,0.01844761980464524,71,0.001871951425990419,0.013347159590879962,496.0,0.01844761980464524
rapid_price_change_5d,0.0029694567967209033,0.01844761980464524,71,0.001871951425990419,0.013347159590879962,361.0,0.01844761980464524
mp_d4_b306_raw_top_left,-0.002621711922101515,-0.018179229636638733,71,0.007705819650429353,0.08462743694270738,,0.018179229636638733
return_3d,-0.002787272339841738,-0.018123670705772085,71,-0.015932670472684353,-0.12558638402771438,194.0,0.018123670705772085
beta_VIX,-0.002562440255767559,-0.014598047957724153,71,0.022177499183894826,0.10616668951969242,138.0,0.014598047957724153
Price_Differential_Ratio_BearishCross,0.0013192540737103635,0.014208592917009466,68,-0.0019118640181919513,-0.043947989721361415,551.0,0.014208592917009466
std_14,-0.0017267404540429656,-0.014089544697819617,71,-0.009264388330223099,-0.10002293015431624,395.0,0.014089544697819617
G_Cyclical_Price_Oscillator,-0.0017072492994194932,-0.01401724707103715,71,0.00605286387884554,0.07948141796451907,527.0,0.01401724707103715
dfa_alpha,-0.0015447649319733632,-0.013945287382281901,71,0.00038880636597311906,0.005569080245438505,426.0,0.013945287382281901
G_PDA_Weighted_Signal_Strength,-0.0016082987356208743,-0.013251278197269975,71,0.0020977247815116783,0.042478119393537205,232.0,0.013251278197269975
Price_Differential_Ratio,-0.0016002483489355416,-0.012813671366712097,71,-0.0035316184462011995,-0.027527973438003037,404.0,0.012813671366712097
G_Price_Differential_Analyzer,-0.0016002483489355416,-0.012813671366712097,71,-0.0035316184462011995,-0.027527973438003037,115.0,0.012813671366712097
pct_change_std_rolling,-0.0014797743033387431,-0.012105735461913939,71,-0.0068110230379374555,-0.09003208331234427,541.0,0.012105735461913939
Price_Differential_Ratio_Diff_1d,-0.0012546941710596562,-0.010805311210175212,71,0.00043830518909553296,0.005510001864738625,233.0,0.010805311210175212
Price_Differential_Ratio_LogDiff_1d,-0.001233549153204426,-0.010625270552962295,71,0.00047319254483574287,0.005946142397468798,235.0,0.010625270552962295
Price_Differential_Ratio_PctChange_1d,0.001233549153204426,0.010625270552962295,71,-0.00047287411561535667,-0.005942142820816152,209.0,0.010625270552962295
Price_Differential_Ratio_ZScore,0.001302567630527599,0.010049535886612617,71,0.006551629606002321,0.08444880054568157,286.0,0.010049535886612617
mp_d5_b108_sym_trace,-0.0012342533193758414,-0.008660936798987842,71,-0.018012170747531215,-0.19275416609075505,,0.008660936798987842
Parabolic_SAR,0.0010425418601271886,0.008539735087229165,71,-0.006407290269793294,-0.0840781289367684,563.0,0.008539735087229165
G_Price_Gap_Analyzer,-0.0010261015456216975,-0.00824809865815157,71,0.006664270914796216,0.0868731503930885,601.0,0.00824809865815157
G_PDA_Log_Zscore_20d,0.0010509456727181587,0.008104908376068172,71,0.006521452395506345,0.08407737732364896,335.0,0.008104908376068172
Price_Differential_Ratio_LogScale_Zscore_20d,0.0010509456727181587,0.008104908376068172,71,0.006521180568037357,0.08407414216944753,219.0,0.008104908376068172
Smoothed_Close,-0.0009810348488736192,-0.007975029868966933,71,-0.006723593018111874,-0.08868456030629375,552.0,0.007975029868966933
Kalman,-0.0009810348488736192,-0.007975029868966933,71,-0.006723593018111874,-0.08868456030629375,597.0,0.007975029868966933
Log_Divergence,-0.0009801217398101789,-0.007967556464304576,71,-0.006723575950295994,-0.08868427738011313,564.0,0.007967556464304576
Perturbed_Kalman,-0.0009801217398101789,-0.007967556464304576,71,-0.0067235740235848974,-0.08868431621659664,579.0,0.007967556464304576
Divergence,-0.0009799530953409255,-0.00796617618891369,71,-0.00672357912330954,-0.08868435154836032,169.0,0.00796617618891369
G_Triple_High_Trend_Indicator,-0.0009412526740647741,-0.007522223845628829,71,0.006793514737734722,0.08818937516284482,599.0,0.007522223845628829
mp_d4_b65_sym_frob,0.0011244221709707342,0.007497956279958245,71,-0.004842126419244694,-0.05185348454016459,,0.007497956279958245
lyapunov_exponent,-0.0007239864147382282,-0.0056532620636469905,71,-0.009043782681488782,-0.10036021982806365,435.0,0.0056532620636469905
percent_range,-0.0006765272036009909,-0.0054039709245411955,71,-0.0034356815591082145,-0.026816627507696013,61.0,0.0054039709245411955
High_Low,-0.0006765272036009909,-0.0054039709245411955,71,-0.0034356967901364036,-0.026816750575176948,40.0,0.0054039709245411955
intraday_range_pct,-0.0006765272036009909,-0.0054039709245411955,71,-0.0034356967901364036,-0.026816750575176948,84.0,0.0054039709245411955
G_Advanced_Trend_Synthesizer,-0.0006419757052153413,-0.005299583320359633,71,-0.006128586891916491,-0.08049766885606893,271.0,0.005299583320359633
G_Complex_Price_Pattern_Indicator,-0.0006534859046511295,-0.005213369473696495,71,0.006419294747569956,0.08339159065571485,600.0,0.005213369473696495
G_Momentum_Confluence_Indicator,-0.0005180506439133533,-0.004185652167857081,71,0.00659012890430116,0.08588716472775444,544.0,0.004185652167857081
G_Adjusted_Close_Tracker,0.00047833048616050135,0.0038324858075864184,71,-0.006427198218157639,-0.08358855137006822,281.0,0.0038324858075864184
volume_spike_ratio,-0.00046603155395521216,-0.0036380875143791408,71,0.002760224295219649,0.050621649587564536,102.0,0.0036380875143791408
trend_consistency_5d,-0.0005537651409149068,-0.003607436359441265,71,-0.0018434548297258126,-0.01670265240261146,528.0,0.003607436359441265
direction_flipper_count5,-0.0005537651409149068,-0.003607436359441265,71,-0.0018434548297258126,-0.01670265240261146,325.0,0.003607436359441265
Price_Differential_Ratio_LogScale_Rank_10d,0.0003858636075959456,0.003224093579565441,71,0.0036608169418435323,0.052791475275056246,550.0,0.003224093579565441
pct_change_std,0.00028513248043369365,0.0022825119664217726,71,-0.010398672875622194,-0.1091611040080439,429.0,0.0022825119664217726
price_quality_score,-0.0002388234399712997,-0.0019177067091990755,71,-0.006488217196170597,-0.08440029138498226,570.0,0.0019177067091990755
Price_Differential_Ratio_HighVolatilityRegime,-0.0001220929582907081,-0.0010832869664202497,71,0.0035291763903243997,0.06603266901420368,586.0,0.0010832869664202497
mp_d4_b364_skew_top_left,-0.00010620088878067616,-0.0007314095777786252,71,0.010456138695684125,0.12495700122279167,,0.0007314095777786252
VIX_Adjusted_ATR,8.630068748126541e-05,0.0006720436930798043,71,-0.009695621568923982,-0.10797860514456098,454.0,0.0006720436930798043
atr_14,8.630068748126541e-05,0.0006720436930798043,71,-0.009695638314905912,-0.1079787728761344,401.0,0.0006720436930798043
Complexity_Invariant_Distance,3.103373032280392e-05,0.0002553575124209212,71,-0.00834437967387208,-0.0970136940515142,472.0,0.0002553575124209212
Price_Differential_Ratio_ExtremeLow,,,3,-0.001290740483479756,-0.045359463344273175,580.0,
VIX_Close,,,0,,,86.0,
VIX_Regime_Numeric,,,0,,,545.0,
VIX_Percentile_30d,,,1,0.00970242860398486,0.42454340942913044,46.0,
VIX_Percentile_60d,,,2,0.005250331939413874,0.19759390382982484,34.0,
VIX_Percentile_252d,,,1,0.006577129759866776,0.24975289185828875,27.0,
VIX_Change_1d,,,0,,,57.0,
VIX_Change_5d,,,0,-0.012195325763914777,-0.6888296408094859,109.0,
VIX_Change_10d,,,0,0.01112061247422777,0.5196294329238896,79.0,
VIX_Change_20d,,,2,0.005891024134427749,0.22753769305396176,43.0,
VIX_Momentum,,,0,0.0078021793556458385,0.33933811815279147,128.0,
VIX_Acceleration,,,0,-0.011693667609914714,-0.555397004742525,49.0,
VIX_MA10,,,0,-0.0078021793556458385,-0.33933811815279147,73.0,
VIX_MA20,,,2,-0.002661039808059278,-0.10064795741238274,45.0,
VIX_MA50,,,2,-0.001442660915321519,-0.05293766032053483,139.0,
VIX_Cross_10_50,,,0,-0.010302816697705863,-0.5972447089182958,415.0,
VIX_Cross_20_50,,,0,,,105.0,
VIX_Mean_20d,,,2,-0.004033407096775736,-0.16310130046793406,72.0,
VIX_Std_20d,,,2,0.004839259457485768,0.19689508092751126,124.0,
VIX_Z_20d,,,2,0.0032726596035391755,0.13171422478014116,37.0,
VIX_Mean_50d,,,2,-0.0007045818739342419,-0.0256896615385438,119.0,
VIX_Std_50d,,,2,-0.002381529151536495,-0.08714049143883393,62.0,
VIX_Z_50d,,,2,0.008813635174290348,0.35189162906782645,53.0,
VIX_Mean_100d,,,2,-0.005697721296531008,-0.22006651902536434,197.0,
VIX_Std_100d,,,2,0.006173712987678686,0.24603007719963005,191.0,
VIX_Z_100d,,,2,0.006628635001264434,0.2530486114453426,91.0,
VIX_Extreme_High,,,0,,,20.0,
VIX_Extreme_Low,,,0,,,582.0,
VIX_of_VIX,,,2,-0.004110646154119787,-0.15661567923205802,160.0,
VIX_of_VIX_Z,,,2,-0.0007492038002887715,-0.027354921510702856,65.0,
VIX_Factor,,,0,,,70.0,
VIX_Risk_Multiplier,,,0,,,96.0,
VIX_Spike,,,0,,,583.0,
VIX_Bottom,,,0,,,183.0,
vix_percentile_rank,,,1,0.004629282724063747,0.17110232493152513,71.0,
vix_regime_scale,,,0,,,539.0,
vix_momentum_5d,,,0,-0.012195325763914777,-0.6888296408094859,89.0,
vix_acceleration,,,0,-0.006564252070114669,-0.28187157536140367,35.0,
vix_zscore,,,2,-0.0004377020946220277,-0.016576853806780437,88.0,
vix_regime_low,,,0,,,573.0,
vix_regime_high,,,0,,,32.0,
hurst_exponent,,,0,,,596.0,
