feature,cls,xs_share,pct_nonnull,model_importance,model_rank,raw_IR,tsz_IR,lift_absIR
volume_volatility,market_wide,0.03349309042096138,100.0,0.0012950262753292918,410.0,,,
liquidity_stress_3d,market_wide,0.07464621216058731,100.0,0.0012149084359407425,462.0,,,
time_reversal_asymmetry,market_wide,0.07708364725112915,100.0,0.0012091387761756778,467.0,,,
14ma%_change,market_wide,0.0012867209408484869,100.0,0.001189221628010273,481.0,,,
Price_Differential_Ratio_ExtremeLow,market_wide,0.0,100.0,0.0,580.0,,,
hurst_exponent,market_wide,0.0,0.0,0.0,596.0,,,
low_close_ratio,stock_specific,0.8836270570755005,100.0,0.009988183155655861,5.0,0.2141247627655264,-0.1895886115615575,-0.024536151203968876
atr_regime_high,stock_specific,0.8450592756271362,100.0,0.009742232039570808,6.0,0.0032336987244778173,0.6360544463276427,0.632820747603165
ATR%,stock_specific,0.9557358622550964,100.0,0.005327434279024601,10.0,0.9056176800971467,0.5277602142225267,-0.37785746587462
atr_percentage,stock_specific,0.9557358622550964,100.0,0.0038926303386688232,15.0,0.9056179082834519,0.5277603943597249,-0.377857513923727
high_close_ratio,stock_specific,0.854267954826355,100.0,0.003628766629844904,18.0,0.981788409456614,0.6152087210130386,-0.36657968844357547
HC_Ratio,stock_specific,0.854267954826355,100.0,0.0031351977959275246,22.0,0.981788409456614,0.6152087210130386,-0.36657968844357547
Volume%,stock_specific,0.730253279209137,100.0,0.003102204529568553,23.0,0.7724530938432926,0.8914549946964763,0.11900190085318363
HC_Predict_Regime,stock_specific,0.832850992679596,100.0,0.0029966861475259066,25.0,0.9931271524297655,0.5618830735668483,-0.43124407886291716
dollar_volume_zscore,stock_specific,0.7531567811965942,100.0,0.0029849980492144823,26.0,0.7972032641573604,0.9313530834880555,0.13414981933069503
High_Close_Ratio,stock_specific,0.854267954826355,100.0,0.002849486656486988,28.0,0.981788409456614,0.6152087210130386,-0.36657968844357547
information_rate_of_change,stock_specific,0.9031503796577454,100.0,0.002762748161330819,29.0,0.8629918184968153,0.12164852528215488,-0.7413432932146604
corr_DIA,stock_specific,0.8761675953865051,96.56033322984581,0.002691911533474922,31.0,-0.384870161999707,0.00992500450051944,-0.37494515749918755
corr_IWM,stock_specific,0.9382417798042297,96.56033322984581,0.002649288857355714,33.0,-0.19714528465800082,-0.01161575186098795,-0.18552953279701287
dollar_volume_ratio_252d,stock_specific,0.6996477246284485,100.0,0.002463187323883176,36.0,0.6800542311104579,0.9296738455160785,0.24961961440562053
atr_percentile_rank,stock_specific,0.7908412218093872,100.0,0.002459865529090166,38.0,0.021049213541766466,0.48660060899196855,0.4655513954502021
High_Low,stock_specific,0.8662996888160706,100.0,0.0024367328733205795,40.0,1.0583537055399623,0.6675248752327289,-0.3908288303072335
percent_range,stock_specific,0.8662996292114258,100.0,0.0022595454938709736,61.0,1.0583517111467906,0.6675266291938052,-0.3908250819529854
Volume%_rolling_90,stock_specific,0.729873538017273,100.0,0.0022505605593323708,63.0,0.7622479390841561,0.9469934856078013,0.18474554652364517
Rolling_Mean_28,stock_specific,1.0435395240783691,100.0,0.00217226124368608,83.0,-0.6411836267539699,-0.02433431276907389,-0.616849313984896
intraday_range_pct,stock_specific,0.8662996888160706,100.0,0.0021702044177800417,84.0,1.0583537055399623,0.6675248752327289,-0.3908288303072335
KC_UPPER%,stock_specific,0.8679999709129333,100.0,0.002134921494871378,90.0,0.38229776048709435,0.18071339086538396,-0.2015843696217104
beta_IWM,stock_specific,0.9613165259361267,96.56033322984581,0.002078269375488162,98.0,0.20598871824996892,0.020714850615430522,-0.1852738676345384
Realized_Vol_21d,stock_specific,0.854166567325592,100.0,0.002073845826089382,99.0,0.8554568956499542,0.35093254073796243,-0.5045243549119918
volume_spike_ratio,stock_specific,0.7248666882514954,100.0,0.0020679528824985027,102.0,0.7795654177624415,0.7525486352055826,-0.02701678255685891
Price_Differential_Ratio_LogDiff_10d,stock_specific,0.8799158334732056,100.0,0.0020673915278166533,103.0,0.40336345573653704,0.40922182129700907,0.005858365560472034
corr_SPY,stock_specific,0.8418601751327515,96.56033322984581,0.00203857384622097,111.0,-0.14971539633334738,-0.11534703867168386,-0.03436835766166352
G_Price_Differential_Analyzer,stock_specific,0.8765632510185242,100.0,0.0020215476397424936,115.0,1.0614722848312141,0.6525612944528626,-0.40891099037835155
beta_QQQ,stock_specific,0.8157747387886047,96.56033322984581,0.0020040194503962994,121.0,0.28821102712565194,-0.07590665271373308,-0.21230437441191885
RSI_HC_Composite,stock_specific,0.7986541390419006,100.0,0.0019069203408434987,134.0,0.8772313535982559,0.5309205696022441,-0.3463107839960118
corr_QQQ,stock_specific,0.8144571185112,96.56033322984581,0.0019057800527662039,136.0,0.006901505974381755,-0.13431264660950443,0.12741114063512268
beta_SPY,stock_specific,0.9148299098014832,96.56033322984581,0.0018680645152926445,144.0,0.23864372850111276,-0.11304494724332054,-0.12559878125779222
atr_regime_low,stock_specific,0.9273272156715393,100.0,0.00183085014577955,148.0,-0.06015434290109667,-0.4193992833594822,0.3592449404583855
distance_from_sma_20d,stock_specific,0.8765475153923035,100.0,0.0018295584013685584,150.0,0.021221313566734724,-0.10721934155617761,0.0859980279894429
Perc_Diff,stock_specific,0.9232506155967712,100.0,0.0018167590023949742,153.0,0.04020088395354919,0.1031735822166665,0.06297269826311731
Price_Differential_Ratio_InfoDecay_3d,stock_specific,0.9116814732551575,100.0,0.0017992290668189526,158.0,-0.09746806457642986,-0.0191512608499948,-0.07831680372643506
higher_order_moments_Kurtosis,stock_specific,0.9040456414222717,100.0,0.001769132330082357,164.0,-0.18421947837322805,0.005613962654993944,-0.1786055157182341
HC_GP_Composite,stock_specific,0.9045567512512207,100.0,0.0017651936504989862,165.0,1.1048719687702577,0.5804222711541498,-0.5244496976161079
G_Volume_Weighted_High_Ratio,stock_specific,0.9837948083877563,100.0,0.0017621269216760993,166.0,-0.45492947695449903,-0.8622866511178083,0.4073571741633093
beta_DIA,stock_specific,0.980027437210083,96.56033322984581,0.0017572436481714249,168.0,0.15561480792026605,0.05986518803178694,-0.0957496198884791
Divergence,stock_specific,1.0496752262115479,100.0,0.0017449798760935664,169.0,-0.636152209141043,-0.01516249509569741,-0.6209897140453455
open_close_ratio,stock_specific,0.8718199133872986,100.0,0.0017323396168649197,172.0,-0.24536862864943784,-0.3002342451705951,0.05486561652115726
entropy,stock_specific,0.9482651352882385,100.0,0.0017316750017926097,173.0,0.21240980616912936,0.009044359129981448,-0.2033654470391479
cv_20d_percentile,stock_specific,0.9284456372261047,100.0,0.0017277697334066033,175.0,0.05073866378856406,0.11815568089140052,0.06741701710283646
Lyapunov_Scaled,stock_specific,0.8380416631698608,100.0,0.001720080035738647,178.0,-0.025686563737182908,0.19432729893356557,0.16864073519638267
Price_Differential_Ratio_LogDiff_5d,stock_specific,0.8643913269042969,100.0,0.001714718178845942,179.0,0.345052179056662,0.3246129233068163,-0.02043925574984573
rapid_price_change_zscore,stock_specific,0.8391931653022766,100.0,0.0016973718302324414,184.0,-0.09070651014812518,-0.19522895863572748,0.1045224484876023
VWAP%_from_high,stock_specific,0.8867793083190918,100.0,0.0016913441941142082,186.0,-0.47175475077103785,-0.04387874352903998,-0.42787600724199787
gap_percentage,stock_specific,0.8275535106658936,100.0,0.0016902973875403404,188.0,0.05985924044908029,-0.01167560212841435,-0.04818363832066594
days_since_high,stock_specific,0.8444010615348816,100.0,0.0016829032683745027,193.0,0.15432162491799972,-0.03916784650677399,-0.11515377841122573
return_3d,stock_specific,0.856438159942627,100.0,0.0016818615840747952,194.0,-0.07746284144180718,-0.20056348993681816,0.12310064849501098
percent_from_high,stock_specific,0.8942137956619263,100.0,0.0016788026550784707,195.0,-0.4236602870344577,-0.09572115168917186,-0.32793913534528585
cv_50d,stock_specific,0.8886285424232483,100.0,0.0016655189683660865,199.0,0.7586105113096127,0.15217661298724058,-0.606433898322372
alpha_SPY,stock_specific,0.949020266532898,96.56033322984581,0.0016566191334277391,202.0,0.02479705863070285,0.17350100642682106,0.1487039477961182
dollar_volume_ma_10,stock_specific,0.997266870386321,100.0,0.001638778019696474,204.0,-0.12135877254410202,0.3247107646704567,0.20335199212635466
Price_Differential_Ratio_PctChange_1d,stock_specific,0.8929149508476257,100.0,0.0016313958913087845,209.0,-0.18492680131590503,-0.21067472733104003,0.02574792601513501
stress_vol_v7,stock_specific,0.9270011782646179,100.0,0.0016261488199234009,210.0,0.9300014705955645,0.3858123051589264,-0.5441891654366381
HC_Ratio_norm,stock_specific,0.8554750084877014,100.0,0.0016252988716587424,212.0,0.5685120192388582,0.6123776452364489,0.043865625997590696
RSI_HC_Composite_norm,stock_specific,0.8579769730567932,100.0,0.0016175956698134542,213.0,0.504102455595913,0.5850427210457879,0.08094026544987487
Volume_lag_1,stock_specific,0.9513613099829344,100.0,0.0016091481084004045,216.0,0.40524283457666,0.6935044692351431,0.2882616346584831
Price_Differential_Ratio_LogScale_Zscore_20d,stock_specific,0.8902702927589417,100.0,0.0015907424967736006,219.0,0.47277004770895226,0.5031123272056633,0.03034227949671109
G_Price_Volatility_Trend_Measure,stock_specific,0.9205616116523743,100.0,0.0015811134362593293,222.0,0.9722817930709289,0.5581462524508346,-0.4141355406200943
CID_SD,stock_specific,0.9833883047103882,100.0,0.0015791698824614286,223.0,-0.044957193936060603,0.1819322332062116,0.136975039270151
G_Volume_Price_Impact_Indicator,stock_specific,0.7761582732200623,100.0,0.0015628526452928782,227.0,0.7353953772240817,0.6815918386546563,-0.053803538569425324
G_PDA_Weighted_Signal_Strength,stock_specific,0.9373184163641992,100.0,0.0015521064633503556,232.0,0.14772124758199456,0.19210304270247305,0.04438179512047849
Price_Differential_Ratio_Diff_1d,stock_specific,0.8971970677375793,100.0,0.0015510988887399435,233.0,0.18625544035299663,0.20861280819619707,0.022357367843200443
Pattern_Indicator,stock_specific,0.7933807373046875,100.0,0.0015502783935517073,234.0,0.7048999934828075,0.41637797097036044,-0.2885220225124471
Price_Differential_Ratio_LogDiff_1d,stock_specific,0.8907186388969421,100.0,0.0015461767325177789,235.0,0.18492747117141642,0.20681804254302993,0.021890571371613515
Rolling_Std_90,stock_specific,0.9921300411224365,100.0,0.0015458890702575445,236.0,-0.057530481746510036,0.13693060844122693,0.07940012669471688
dollar_volume_std_252,stock_specific,1.0240329607934175,100.0,0.0015449365600943565,237.0,-0.06392704211025398,-0.03403182514006885,-0.02989521697018513
Log_Return,stock_specific,0.8541556000709534,100.0,0.0015286019770428538,243.0,-0.20652754541214793,-0.2798073220294902,0.07327977661734228
HC_Predict_Regime_norm,stock_specific,0.8742268681526184,100.0,0.0015256814658641815,244.0,0.5526515649414987,0.5532238854570539,0.0005723205155552247
CID_Mean,stock_specific,0.8488146066665649,100.0,0.0015198120381683111,245.0,-0.04532622787559931,0.1514782464252259,0.10615201854962658
cv_10d,stock_specific,0.9054428935050964,100.0,0.0015161846531555057,247.0,0.8086063680300972,0.33542109204548953,-0.4731852759846077
liquidity_score,stock_specific,0.9185856580734253,100.0,0.0015131901018321514,249.0,0.7520363190143116,0.8714953512518113,0.11945903223749976
G_Log_Scaled_Price_Ratio,stock_specific,0.8597798347473145,100.0,0.001512781367637217,250.0,0.07700950577427373,-0.027428152430261695,-0.049581353344012036
cv_20d,stock_specific,0.9046037197113037,100.0,0.0015061118174344301,252.0,0.7430786818254482,0.20550569563036772,-0.5375729861950805
dollar_volume_ratio_10d,stock_specific,0.6926147937774658,100.0,0.0015009262133389711,255.0,0.75468580821256,0.714111110313387,-0.04057469789917301
volume_trend_5d_20d,stock_specific,0.8998969793319702,100.0,0.0014863997930660844,259.0,0.2682784975017364,0.34145418781693115,0.07317569031519477
cv_50d_regime_low,stock_specific,0.9522411227226257,100.0,0.0014731036499142647,268.0,-0.01166186102091737,0.08060205673647042,0.06894019571555304
Price_Differential_Ratio_SignalPersistence,stock_specific,0.8138103779115055,100.0,0.0014700539177283645,270.0,-0.16208578300039386,-0.07643104857980908,-0.08565473442058479
G_Advanced_Trend_Synthesizer,stock_specific,1.0428003072738647,100.0,0.0014696174766868353,271.0,-0.6266249636513914,0.015920625710950046,-0.6107043379404413
Realized_Vol_10d,stock_specific,0.9124057292938232,100.0,0.0014643087051808834,276.0,0.9064237219909496,0.4615261048471561,-0.44489761714379344
Distance to Support (%),stock_specific,0.5925361514091492,100.0,0.0014611223014071584,279.0,0.050016034336638246,-0.030148097275008324,-0.019867937061629922
G_Price_Volume_Disparity_Index,stock_specific,0.925493597984314,100.0,0.001460904604755342,280.0,0.8768344698363661,0.30781325835620177,-0.5690212114801644
G_Adjusted_Close_Tracker,stock_specific,1.0470362901687622,100.0,0.0014589308993890882,281.0,-0.6363714693181093,-0.05158285567710218,-0.5847886136410071
distance_from_sma_10d,stock_specific,0.8577426671981812,100.0,0.001453460194170475,282.0,-0.031196670710247662,-0.1820531921407851,0.15085652143053746
price_position_20d,stock_specific,0.9204601049423218,100.0,0.0014516743831336498,284.0,-0.18976400354920062,-0.1747152004093188,-0.015048803139881828
Price_Differential_Ratio_ZScore,stock_specific,0.891751766204834,100.0,0.0014486085856333375,286.0,0.4731231925646272,0.5038828503456033,0.030759657780976113
percent_change_Close_lag_1,stock_specific,0.8512141704559326,100.0,0.001447741873562336,287.0,0.04483776938621838,-0.03171938612895263,-0.013118383257265755
VWAP_std200,stock_specific,0.8983150124549866,100.0,0.0014474103227257729,288.0,-0.11088419190197674,0.09571263388582156,-0.015171558016155176
Pattern_Indicator_norm,stock_specific,0.8464049100875854,100.0,0.001446648733690381,289.0,0.29952835494904634,0.4309671374786993,0.13143878252965296
alpha_IWM,stock_specific,0.9547361731529236,96.56033322984581,0.001445313449949026,291.0,0.048592868969993167,0.16794777962996577,0.1193549106599726
Distance to Resistance (%),stock_specific,0.8870396614074707,100.0,0.0014377664774656296,293.0,0.051169152527545385,0.009101273302886452,-0.04206787922465893
High_Close,stock_specific,0.8573139905929565,100.0,0.001436981139704585,294.0,0.4783874492450392,0.09257461562249816,-0.38581283362254104
cv_50d_percentile,stock_specific,0.9721677899360657,100.0,0.0014336140593513846,296.0,0.010564361099231962,0.043974657184353075,0.03341029608512111
Price_Differential_Ratio_LogScale_Zscore_50d,stock_specific,0.8318109512329102,100.0,0.001433206838555634,297.0,0.4846899388007042,0.6093776761454787,0.12468773734477445
Mean_Reversion_Z_Score_28_std_1,stock_specific,0.9319846034049988,100.0,0.001430993084795773,299.0,-0.034846417819745255,0.050522835964380064,0.01567641814463481
momentum_strength_continuous,stock_specific,0.9358969926834106,100.0,0.0014295835280790925,301.0,-0.013327595122244906,-0.16426451481863144,0.15093691969638653
G_Price_Open_Ratio_Indicator,stock_specific,0.8587613105773926,100.0,0.0014284630306065083,302.0,-0.08494517849835836,-0.003416703369115204,-0.08152847512924316
Price_Differential_Ratio_LogScale_Zscore_10d,stock_specific,0.925857424736023,100.0,0.0014282269403338432,303.0,0.4221207647044533,0.4095401933176284,-0.01258057138682489
G_Multi_Point_Price_Analyzer,stock_specific,0.8718577027320862,100.0,0.0014267644146457314,304.0,0.7624637641051191,0.32785963130073675,-0.4346041328043823
autocorrelation,stock_specific,0.9684815406799316,100.0,0.0014240184100344777,305.0,0.017899860338471345,0.07764776654231448,0.05974790620384313
Price_Differential_Ratio_LowVolatilityRegime,stock_specific,0.9370218147556924,100.0,0.001420857384800911,307.0,-0.0890482744720405,-0.5500544931324343,0.46100621866039376
Price_Differential_Ratio_PctChange_10d,stock_specific,0.8748685121536255,100.0,0.0014169183559715748,309.0,-0.4033638593222435,-0.41289360309739537,0.009529743775151867
Price_Differential_Ratio_Diff_3d,stock_specific,0.8724470138549805,100.0,0.0014155794633552432,310.0,0.30620187087594347,0.30486830318287145,-0.0013335676930720242
Lyapunov_Exponent_MA,stock_specific,0.8975760340690613,100.0,0.0014138598926365376,311.0,0.04596467312853536,0.049861791107649975,0.0038971179791146143
Price_Differential_Ratio_Autocorr_3d,stock_specific,0.9599998593330383,100.0,0.0014133015647530556,313.0,0.06453747386640377,0.006568753473103802,-0.05796872039329996
Price_Differential_Ratio_Diff_5d,stock_specific,0.867702305316925,100.0,0.0014129190240055323,315.0,0.34647385298539324,0.32670399690901486,-0.019769856076378378
volume_entropy,stock_specific,0.9487164616584778,100.0,0.0014098376268520951,316.0,-0.32907950362295063,0.11933920604691851,-0.20974029757603213
Volume_std,stock_specific,0.8997125176816291,100.0,0.0014098265673965216,317.0,0.4054197874596086,0.21909007989194831,-0.1863297075676603
Low_Close,stock_specific,0.8443771600723267,100.0,0.0014033131301403046,320.0,-0.49952043501174404,-0.24387915053389256,-0.2556412844778515
emd_features_IMF_1_Energy,stock_specific,1.0479199886322021,100.0,0.0014004787662997842,321.0,-0.14092326967932875,0.1579408975011706,0.017017627821841852
direction_flipper_count5,stock_specific,0.9147065877914429,100.0,0.0013913648435845971,325.0,-0.07304611329322297,-0.07384886857358114,0.0008027552803581695
G_Lagged_Price_Volume_Convergence,stock_specific,0.9021139740943909,100.0,0.0013907704269513488,327.0,-0.9315061795605472,-0.32991762891659493,-0.6015885506439522
Price_Differential_Ratio_LogScale_Rank_50d,stock_specific,0.9043163061141968,100.0,0.0013906777603551745,328.0,0.48424166205071806,0.6299092643500135,0.14566760229929543
volume_momentum_ratio,stock_specific,0.8998969793319702,100.0,0.001387247582897544,329.0,0.2682784975017364,0.34145418781693115,0.07317569031519477
gap_in_atr_terms,stock_specific,0.8034732341766357,100.0,0.0013794712722301483,333.0,-0.0007323708498012097,-0.01647650089445048,0.015744130044649272
cv_10d_percentile,stock_specific,0.9137142896652222,100.0,0.0013783944305032492,334.0,0.16251116527294343,0.2725088141085036,0.10999764883556015
G_PDA_Log_Zscore_20d,stock_specific,0.8902701735496521,100.0,0.0013729071943089366,335.0,0.4727700603945429,0.5031137170216731,0.030343656627130178
14ma%,stock_specific,0.8633684515953064,100.0,0.0013670845655724406,341.0,0.009259137259724918,-0.14048729809891425,0.13122816083918934
G_PDA_Autocorr_3d,stock_specific,0.9599998593330383,100.0,0.0013670409098267555,342.0,0.06453747386640377,0.006568753473103802,-0.05796872039329996
return_20d,stock_specific,0.8552213907241821,100.0,0.0013630662579089403,347.0,0.030886498633162316,-0.026424744357560155,-0.004461754275602161
return_10d,stock_specific,0.8687270283699036,100.0,0.0013604441192001104,349.0,0.04987137926973096,-0.07482830854465093,0.02495692927491997
emd_features_IMF_2_Energy,stock_specific,0.7736748456954956,100.0,0.001359031768515706,351.0,-0.11268532991312387,0.13925664388600853,0.02657131397288466
price_acceleration,stock_specific,0.8575566411018372,100.0,0.0013578395592048764,353.0,-0.06374417205198808,-0.13450832361553536,0.07076415156354728
dollar_volume_percentile,stock_specific,0.9299519658088684,100.0,0.0013571528252214193,354.0,0.7623383499318168,0.8896876361434329,0.12734928621161612
Price_Differential_Ratio_LogScale_Minmax_10d,stock_specific,0.9421417713165283,100.0,0.0013534327736124396,358.0,0.4093539039454938,0.37264182657112394,-0.03671207737436988
dvamr_probability,stock_specific,0.897739827632904,100.0,0.0013530756114050746,359.0,0.03706236543857115,0.04491320468644586,0.007850839247874705
rapid_price_change_5d,stock_specific,0.8581053018569946,100.0,0.0013526884140446782,361.0,-0.014315854233057063,-0.14995333254710222,0.13563747831404516
noise_PinkNoise,stock_specific,0.9869727492332458,100.0,0.0013473199214786291,363.0,0.07052643570089157,0.08366170545409163,0.013135269753200063
distance_from_sma_50d,stock_specific,0.9029772281646729,100.0,0.001346105127595365,367.0,0.04686712737941242,0.00033413919733467926,-0.04653298818207774
G_Price_Volatility_Gauge,stock_specific,0.8958727121353149,100.0,0.0013440960319712758,369.0,0.7228974633539933,0.29973153973021055,-0.42316592362378275
Dynamic_RSI,stock_specific,0.8784171938896179,100.0,0.0013413132401183248,372.0,-0.010295455088007662,0.028696004725235435,0.018400549637227773
dollar_volume_ma_252,stock_specific,1.075885615891255,100.0,0.001336903078481555,374.0,-0.14467240454762653,0.04184990774153323,-0.1028224968060933
Rolling_Std_151,stock_specific,0.9876648187637329,100.0,0.0013355233240872622,376.0,-0.029177936184192975,0.15270044500196456,0.12352250881777158
Volume_rolling_90,stock_specific,0.9813611223110921,100.0,0.001334957662038505,377.0,0.3378758272827822,0.2620801176230386,-0.07579570965974358
Price_Differential_Ratio_Diff_10d,stock_specific,0.876703143119812,100.0,0.0013315341202542186,380.0,0.40548912499335604,0.41069116203303513,0.005202037039679086
return_3d_abs,stock_specific,0.8846102952957153,100.0,0.0013313236413523555,381.0,0.6933336074797828,0.2579290285299592,-0.4354045789498236
percent_change_Close_lag_5,stock_specific,0.8643025755882263,100.0,0.0013282402651384473,384.0,0.03523631585236238,0.0010019445778749942,-0.034234371274487384
RSI,stock_specific,0.884621262550354,100.0,0.0013225540751591325,387.0,-0.07869042322308123,-0.0833828487293871,0.004692425506305872
Weighted_Close_Change_Velocity,stock_specific,0.8756467700004578,100.0,0.0013155144406482577,393.0,0.031785795553812286,0.0770580845957847,0.04527228904197241
std_14,stock_specific,0.9322619438171387,100.0,0.0013142783427610993,395.0,-0.07963950692076424,0.27707383352381737,0.19743432660305313
trading_signal_composite,stock_specific,0.8154807686805725,100.0,0.001312060165219009,397.0,0.1304026979306573,0.2633609522199713,0.132958254289314
SMA50,stock_specific,1.0434658527374268,100.0,0.0013063355581834912,398.0,-0.6426666867755488,-0.040764537553845584,-0.6019021492217033
Rolling_Mean_90,stock_specific,1.017593502998352,100.0,0.0013062761863693595,399.0,-0.6534804398045649,-0.06494420648320011,-0.5885362333213648
atr_14,stock_specific,0.9844191074371338,100.0,0.0013045191299170256,401.0,-0.13604784966258973,0.33530840510178017,0.19926055543919044
return_10d_abs,stock_specific,0.9069939851760864,100.0,0.0013024472864344716,402.0,0.5789015458930018,0.16493865631733012,-0.4139628895756717
Price_Differential_Ratio,stock_specific,0.8765632510185242,100.0,0.001298342365771532,404.0,1.0614722848312141,0.6525612944528626,-0.40891099037835155
High_Close_Ratio_norm,stock_specific,0.8554750084877014,100.0,0.0012981976615265012,405.0,0.5685120192388582,0.6123776452364489,0.043865625997590696
Price_Differential_Ratio_InfoDecay_5d,stock_specific,0.9793524742126465,100.0,0.0012981084873899817,406.0,-0.003835900473040773,-0.04658495349238208,0.0427490530193413
Price_Differential_Ratio_PctChange_5d,stock_specific,0.8669137954711914,100.0,0.0012958464212715626,407.0,-0.34505425691261277,-0.3282498541769487,-0.01680440273566408
Price_Differential_Ratio_PctChange_3d,stock_specific,0.8690065741539001,100.0,0.0012948119547218084,411.0,-0.30529312588256635,-0.30666074759149287,0.0013676217089265141
Lyapunov_Exponent,stock_specific,0.8798069357872009,100.0,0.0012939197476953268,412.0,0.00809408210825406,-0.10548093856320931,0.09738685645495525
higher_order_moments_Skewness,stock_specific,0.9160909652709961,100.0,0.001286982442252338,417.0,0.13204493867316075,-0.012398473544016467,-0.11964646512914429
price_position_50d,stock_specific,0.937215268611908,100.0,0.0012858938425779343,418.0,-0.14554676594911406,-0.08188412689648421,-0.06366263905262985
G_Volume_Trend_Analyzer,stock_specific,0.8742532730102539,100.0,0.001283910940401256,419.0,0.41215404447694703,0.43068198816695463,0.018527943690007598
Price_Differential_Ratio_InformationRatio,stock_specific,0.873531699180603,100.0,0.0012831002241000533,420.0,-0.16593839855719197,-0.3678104250046688,0.20187202644747684
time_between_extremes,stock_specific,0.953829824924469,100.0,0.001275089685805142,424.0,-0.033239844029979475,0.08902799519248428,0.0557881511625048
dfa_alpha,stock_specific,0.9329700469970703,100.0,0.0012692103628069162,426.0,-0.022841300570818405,-0.0205936540687813,-0.0022476465020371053
G_Logarithmic_Trend_Detector,stock_specific,0.8682191371917725,100.0,0.0012685621622949839,428.0,-0.05215220677398274,0.004413607217013342,-0.047738599556969394
pct_change_std,stock_specific,0.9461296796798706,100.0,0.001267620944418013,429.0,-0.10041693643060635,0.20734238147028566,0.10692544503967931
Mean_Reversion_Z_Score_90_std_1,stock_specific,0.9625469446182251,100.0,0.0012669533025473356,430.0,-0.038539806669244496,0.10178384989906009,0.06324404322981558
return_5d_abs,stock_specific,0.8827636241912842,100.0,0.0012592844432219863,433.0,0.6963305881792142,0.27312863915168,-0.4232019490275342
Volume_rolling_28,stock_specific,0.9844049784753165,100.0,0.0012591624399647117,434.0,0.3342574343938536,0.3169795779053032,-0.017277856488550403
lyapunov_exponent,stock_specific,0.9955580830574036,100.0,0.001258723670616746,435.0,-0.13704876387125167,0.1440084909174064,0.006959727046154718
Market_Regime,stock_specific,0.48111721873283386,100.0,0.001251433277502656,438.0,0.04831980022609702,0.11933279343622885,0.07101299321013183
G_High_Price_Momentum_Indicator,stock_specific,0.8588154315948486,100.0,0.0012490811059251428,440.0,0.07700792674007384,-0.029462759300928343,-0.0475451674391455
G_Volume_Adjusted_Price_Indicator,stock_specific,0.7474042177200317,100.0,0.0012388579780235887,444.0,-0.7706456856434925,-0.4546794312635201,-0.31596625437997233
MA_200,stock_specific,1.0379372835159302,100.0,0.0012362530687823892,446.0,-0.6649059510162549,-0.07118553867355343,-0.5937204123427016
emd_features_IMF_1_Std,stock_specific,1.018890619277954,100.0,0.0012332276673987508,447.0,-0.14591930487154903,0.15020835825287124,0.004289053381322211
return_20d_abs,stock_specific,0.8292850852012634,100.0,0.0012318264925852418,449.0,0.5471225014689329,0.09344687745186687,-0.45367562401706607
percent_change_Close_lag_10,stock_specific,0.8576652407646179,100.0,0.0012313431361690164,450.0,0.02799320431507133,0.007919724494064867,-0.020073479821006462
momentum_score,stock_specific,0.9329367280006409,100.0,0.001230600057169795,451.0,-0.022834654693997695,-0.035800176637005875,0.01296552194300818
stress_v6,stock_specific,0.9456879496574402,100.0,0.0012293130857869983,452.0,0.9360493286601896,0.3937295320420796,-0.54231979661811
gap_absolute,stock_specific,0.8331717848777771,100.0,0.0012267122510820627,455.0,0.5311295023499224,0.2197117922887306,-0.3114177100611918
KC_LOWER%,stock_specific,0.8984454274177551,100.0,0.001220750855281949,457.0,0.3843657983854897,-0.01797854086911101,-0.3663872575163787
Price_Differential_Ratio_LogScale_Minmax_20d,stock_specific,0.9184693694114685,100.0,0.001220722682774067,458.0,0.49452832904886385,0.48450501525281253,-0.010023313796051314
emd_features_IMF_2_Std,stock_specific,0.9826385974884033,100.0,0.001216593198478222,460.0,-0.12543885240668726,0.13819814638330458,0.01275929397661732
Mean_Reversion_Z_Score_151_std_3,stock_specific,0.9717912673950195,100.0,0.00121573475189507,461.0,-0.04522265017265445,0.1319342446411361,0.08671159446848165
spectral_entropy,stock_specific,0.9774811863899231,100.0,0.0012124998029321432,464.0,-0.14186135508799308,-0.025957129297874415,-0.11590422579011866
Rolling_Std_28,stock_specific,0.9558792114257812,100.0,0.001208566129207611,469.0,-0.12361749925288142,0.05122496025672438,-0.07239253899615704
Complexity_Invariant_Distance,stock_specific,0.5911100506782532,100.0,0.0012073066318407655,472.0,-0.02654983284354762,0.24492064740840974,0.21837081456486213
alpha_QQQ,stock_specific,0.9313199520111084,96.56033322984581,0.0012025447795167565,474.0,0.017815656218999422,0.1466271932385446,0.12881153701954517
alpha_DIA,stock_specific,0.9566883444786072,96.56033322984581,0.0012015261454507709,475.0,0.05257050436262995,0.1230322185067244,0.07046171414409444
14ma%_count,stock_specific,0.9212694764137268,100.0,0.0011961256386712193,479.0,-0.0587199582685781,0.02242622179333728,-0.03629373647524082
VWAP_std14,stock_specific,0.8917837142944336,100.0,0.0011883501429110765,482.0,-0.09913938491121634,0.10090717615776182,0.0017677912465454831
Price_Differential_Ratio_LogScale_Rank_20d,stock_specific,0.9179276823997498,100.0,0.001181269297376275,488.0,0.4700678421812104,0.5132261140167192,0.043158271835508855
Significant_Indicators_Ensemble,stock_specific,0.8591088056564331,100.0,0.0011781709035858512,489.0,0.5211816069227441,0.5880240473513866,0.06684244042864251
price_position_100d,stock_specific,0.9443216323852539,100.0,0.0011774592567235231,490.0,-0.14256418644080127,-0.028500586700537307,-0.11406359974026396
return_5d,stock_specific,0.8581053018569946,100.0,0.0011634312104433775,496.0,-0.014315854233057063,-0.14995333254710222,0.13563747831404516
Price_Differential_Ratio_Acceleration_5d,stock_specific,0.10120502859354019,100.0,0.001163085806183517,497.0,0.003827816273589873,0.10284888138094582,0.09902106510735595
Price_Differential_Ratio_InfoDecay_1d,stock_specific,0.8819085359573364,100.0,0.0011603253660723567,499.0,-0.03904016376343983,-0.24914783838100435,0.21010767461756452
Price_Differential_Ratio_LogScale_Minmax_50d,stock_specific,0.8605896830558777,100.0,0.0011595917167142034,502.0,0.5962704759897527,0.6902396043082085,0.09396912831845583
Price_Differential_Ratio_Autocorr_5d,stock_specific,0.9882463216781616,100.0,0.0011595707619562745,503.0,-0.013750740809813663,0.059078283687826555,0.04532754287801289
VWAP%,stock_specific,0.8689908981323242,100.0,0.0011588556226342916,504.0,0.012332981398398524,-0.14062020477046625,0.12828722337206772
volatility_score,stock_specific,0.6543775796890259,100.0,0.0011574052041396499,505.0,-0.018643460061696936,0.24813754799816395,0.22949408793646703
higuchi_fractal_dimension,stock_specific,0.9587740302085876,100.0,0.0011535369558259845,507.0,0.037880278422096916,0.10168943645461187,0.06380915803251495
trend_consistency_20d,stock_specific,0.9406161904335022,100.0,0.001153431017883122,508.0,-0.0854006965874373,0.01507083079794592,-0.07032986578949138
minima,stock_specific,1.0287859439849854,100.0,0.0011438843794167042,511.0,-0.6551601579747373,-0.04474833565913034,-0.6104118223156069
noise_WhiteNoise,stock_specific,0.9855130910873413,100.0,0.0011393290478736162,513.0,-0.08927054799177578,-0.025547158102804814,-0.06372338988897097
stress_v7,stock_specific,0.9485567808151245,100.0,0.0011176823172718287,519.0,0.8890284065093389,0.3237291499742216,-0.5652992565351174
Volume_Spectral_Splatter,stock_specific,0.9601619839668274,100.0,0.001098542707040906,522.0,-0.20093340129014403,-0.006461551668119237,-0.1944718496220248
Price_Differential_Ratio_LogDiff_3d,stock_specific,0.8700042366981506,100.0,0.0010733340168371797,525.0,0.3052900541915622,0.30240289922072616,-0.0028871549708360256
G_Cyclical_Price_Oscillator,stock_specific,0.9987651109695435,100.0,0.0010565747506916523,527.0,0.6304444441025293,0.009480231529424636,-0.6209642125731046
trend_consistency_5d,stock_specific,0.9147065281867981,100.0,0.0010537384077906609,528.0,-0.07304611329322297,-0.0738522656998481,0.0008061524066251269
volume_trend_strength,stock_specific,0.899288535118103,100.0,0.001041474868543446,529.0,0.26827822273461993,0.34654680104287144,0.07826857830825151
volume_persistence,stock_specific,0.9349068999290466,100.0,0.001039555761963129,530.0,0.26400185160468925,0.45486813842277185,0.1908662868180826
Price_Differential_Ratio_Autocorr_1d,stock_specific,0.8979671597480774,100.0,0.0010240038391202688,531.0,0.036443179374294234,0.20829842962279488,0.17185525024850065
Price_Differential_Ratio_Acceleration_3d,stock_specific,0.1528036743402481,100.0,0.0010232962667942047,532.0,-0.03938586324613905,-0.0584416115900439,0.019055748343904853
maxima,stock_specific,1.0301564931869507,100.0,0.0010225323494523764,533.0,-0.6465297181412206,-0.043716356998860784,-0.6028133611423598
trend_consistency_10d,stock_specific,0.9267390370368958,100.0,0.0009944327175617218,538.0,-0.057428729704844764,-0.02749260797360522,-0.029936121731239544
pct_change_std_rolling,stock_specific,1.0480903387069702,100.0,0.000897972087841481,541.0,-0.6360581871032379,-0.011557489763735166,-0.6245006973395028
G_PDA_Info_Decay_3d,stock_specific,0.9599998593330383,100.0,0.0008735902956686914,542.0,-0.06453687085642622,-0.006568058808190744,-0.05796881204823547
G_Momentum_Confluence_Indicator,stock_specific,0.9945151209831238,100.0,0.0008536739042028785,544.0,0.6309276450451486,0.02562213369427643,-0.6053055113508722
direction_flipper_count_10,stock_specific,0.926738977432251,100.0,0.0008140724385157228,546.0,-0.057428729704844764,-0.027488973027240855,-0.02993975667760391
Rolling_Mean_151,stock_specific,1.0283069610595703,100.0,0.0007921073120087385,548.0,-0.6606592124602274,-0.09126596265754054,-0.5693932498026869
trend_direction_20d,stock_specific,0.9849444031715393,100.0,0.0007792732212692499,549.0,-0.1357479282710199,-0.15058496112455932,0.014837032853539434
Price_Differential_Ratio_LogScale_Rank_10d,stock_specific,0.9345743060112,100.0,0.0007255965610966086,550.0,0.4213053165746986,0.39242258500325705,-0.028882731571441556
Price_Differential_Ratio_BearishCross,stock_specific,0.9401073291974841,100.0,0.000581074389629066,551.0,-0.2327365945467378,-0.056219989422901975,-0.17651660512383582
Smoothed_Close,stock_specific,1.0496752262115479,100.0,0.0003254675248172134,552.0,-0.6361523003815622,-0.015161582025564984,-0.6209907183559973
Price_Differential_Ratio_SignalStrength,stock_specific,0.9524502260728426,100.0,0.0002432313049212098,553.0,0.263835923160886,0.24493352904474897,-0.018902394116137033
G_Price_Gap_Analyzer,stock_specific,0.992614209651947,100.0,0.0,601.0,0.6226263149002244,0.0015216070307328517,-0.6211047078694915
G_Triple_High_Trend_Indicator,stock_specific,0.9920634627342224,100.0,0.0,599.0,0.6203181579114024,0.009030072657696358,-0.611288085253706
G_Complex_Price_Pattern_Indicator,stock_specific,0.9931775331497192,100.0,0.0,600.0,0.637311092606658,0.06351176152865727,-0.5737993310780007
Parabolic_SAR,stock_specific,1.043683409690857,100.0,0.0,563.0,-0.6288752136241184,0.015944027788659502,-0.6129311858354588
Kalman,stock_specific,1.0496752262115479,100.0,0.0,597.0,-0.6361523003815622,-0.015161582025564984,-0.6209907183559973
Perturbed_Kalman,stock_specific,1.0496752262115479,100.0,0.0,579.0,-0.636152270341871,-0.015164514921563845,-0.6209877554203072
Log_Divergence,stock_specific,0.9920924305915833,100.0,0.0,564.0,-0.6361527048709795,-0.024034402059375654,-0.6121183028116038
Price_Differential_Ratio_ExtremeHigh,stock_specific,0.8393745908377506,100.0,0.0,581.0,0.5496609751579105,0.601713270676846,0.05205229551893553
Price_Differential_Ratio_MomentumAccelerating,stock_specific,0.9392837509923705,100.0,0.0,592.0,-0.05686387753360672,0.1193971046583467,0.06253322712473998
Price_Differential_Ratio_MomentumDecelerating,stock_specific,0.9492937471350334,100.0,0.0,572.0,0.35916770856690833,0.09719873149294596,-0.2619689770739624
Price_Differential_Ratio_BullishCross,stock_specific,0.9596525062422475,100.0,0.0,585.0,0.3379911943782888,-0.3411699879310157,0.003178793552726933
Price_Differential_Ratio_HighVolatilityRegime,stock_specific,0.9341262305020707,100.0,0.0,586.0,-0.07112279244935352,0.5792233800974265,0.508100587648073
Price_Differential_Ratio_WeightedSignalStrength,stock_specific,0.9313405387009844,100.0,0.0,591.0,0.2633127631101287,0.25147131227606956,-0.01184145083405913
Trend_Direction,stock_specific,0.9755950570106506,100.0,0.0,584.0,-0.04831980022609702,0.00026665459773019565,-0.04805314562836682
sustained_volume_burst_count,stock_specific,0.7820141315460205,100.0,0.0,565.0,0.4359621365671011,-0.016372270200528432,-0.41958986636657264
momentum_strength_5d,stock_specific,0.9450977444648743,100.0,0.0,578.0,-0.009891256149425324,-0.24281749169742475,0.23292623554799943
trend_direction_10d,stock_specific,0.9652566313743591,100.0,0.0,557.0,-0.16423360740523896,-0.17746851194424834,0.013234904539009384
trend_direction_50d,stock_specific,0.9755950570106506,100.0,0.0,568.0,-0.04831980022609702,0.00026665459773019565,-0.04805314562836682
market_regime_composite,stock_specific,0.9849444031715393,100.0,0.0,567.0,-0.1357479282710199,-0.15058496112455932,0.014837032853539434
price_quality_score,stock_specific,0.9930592775344849,100.0,0.0,570.0,-0.6365848621905302,-0.05881261873015289,-0.5777722434603774
doji_pattern,stock_specific,0.9976100325584412,100.0,0.0,566.0,-0.5076213595049112,0.7211495208318123,0.2135281613269011
hammer_pattern,stock_specific,0.9750574231147766,100.0,0.0,569.0,-0.2824730633229817,-0.2043388602276081,-0.07813420309537361
cv_10d_regime_high,stock_specific,0.9337736964225769,100.0,0.0,556.0,0.18468921373258876,0.4244071743388739,0.23971796060628517
cv_10d_regime_low,stock_specific,0.9896941781044006,100.0,0.0,559.0,-0.12473037387234616,-0.21680353379668743,0.09207315992434127
cv_20d_regime_high,stock_specific,0.9599196910858154,100.0,0.0,560.0,0.05381273298204071,0.2967562662050179,0.24294353322297718
cv_20d_regime_low,stock_specific,0.9791002869606018,100.0,0.0,558.0,-0.017333808888487092,-0.05263603875263262,0.03530222986414552
cv_50d_regime_high,stock_specific,0.9676473140716553,100.0,0.0,562.0,0.07515171044016673,0.08597320600560335,0.010821495565436615
mp_d4_b185_sym_trace,stock_specific,0.9483051300048828,100.0,,,0.19571454197859364,-0.23119807105850482,0.035483529079911175
mp_d4_b65_sym_frob,stock_specific,0.9203773140907288,100.0,,,0.1597459651330235,-0.14873065326395066,-0.011015311869072841
mp_d5_b108_sym_trace,stock_specific,0.9131016135215759,100.0,,,0.46414043784530695,0.03201195243482391,-0.43212848541048304
mp_d4_b306_raw_top_left,stock_specific,0.9006276726722717,100.0,,,-0.2439411593758039,-0.03186011247874398,-0.21208104689705992
mp_d5_b169_sym_top_left,stock_specific,0.8843332529067993,100.0,,,-0.06339381671164032,-0.2411019758650405,0.17770815915340019
mp_d4_b267_sym_trace,stock_specific,0.908384382724762,100.0,,,0.014347470558382834,-0.15745133181233462,0.14310386125395178
mp_d4_b291_sym_frob,stock_specific,0.9216986894607544,100.0,,,0.0829270740687959,-0.22402222240797207,0.14109514833917616
mp_d4_b173_sym_top_left,stock_specific,0.9282782673835754,100.0,,,0.5127259478776912,-0.005193338729883505,-0.5075326091478077
mp_d4_b50_raw_top_left,stock_specific,0.9484150409698486,100.0,,,0.1643663409948379,-0.24606781395918645,0.08170147296434854
mp_d4_b364_skew_top_left,stock_specific,0.9327502846717834,100.0,,,-0.29130704227536675,0.15124574352408185,-0.1400612987512849
mp_d4_b396_sym_trace,stock_specific,0.9205532670021057,100.0,,,0.025336865730733987,-0.1923860507948537,0.16704918506411973
mp_d4_b291_sym_top_left,stock_specific,0.9558584690093994,100.0,,,0.39959023984546493,-0.16644327508512144,-0.2331469647603435
mp_d4_b477_skew_trace,stock_specific,0.9554500579833984,100.0,,,-0.5357766859351587,0.08792577659428173,-0.44785090934087696
mp_d5_b39_sym_trace,stock_specific,0.9123611450195312,100.0,,,0.6291795664764082,0.0442550239128902,-0.584924542563518
F1_PinkNoise,stock_specific,0.9935033917427063,100.0,,,-0.3981239924355219,-0.1534066819121253,-0.24471731052339657
F4_Price_Ratio,stock_specific,0.9890278577804565,100.0,,,0.47831019802103153,0.13473159426551226,-0.3435786037555193
N1_WN_LC,stock_specific,0.9952970743179321,100.0,,,-0.5089492379985588,-0.2377650242481925,-0.27118421375036633
N4_SpectralEnt,stock_specific,0.9914902448654175,100.0,,,0.20496631153261713,0.2190218293821973,0.014055517849580174
composite,stock_specific,0.9690342545509338,100.0,,,0.5871979464226493,0.22104590656011452,-0.3661520398625348
VIX_Extreme_High,vix,0.0,100.0,0.00329983769915998,20.0,,,
VIX_Percentile_252d,vix,0.0,100.0,0.0028736090753227472,27.0,,,
vix_regime_high,vix,0.0,100.0,0.0026731498073786497,32.0,,,
VIX_Percentile_60d,vix,0.0,100.0,0.0025461597833782434,34.0,,,
vix_acceleration,vix,0.0,100.0,0.0025206459686160088,35.0,,,
VIX_Z_20d,vix,0.0,100.0,0.002461470430716872,37.0,,,
VIX_Change_20d,vix,0.0,100.0,0.0023985011503100395,43.0,,,
VIX_MA20,vix,0.0,100.0,0.0023658827412873507,45.0,,,
VIX_Percentile_30d,vix,0.0,100.0,0.0023531911429017782,46.0,,,
VIX_Acceleration,vix,0.0,100.0,0.0023210053332149982,49.0,,,
VIX_Z_50d,vix,0.0,100.0,0.0023105754517018795,53.0,,,
VIX_Change_1d,vix,0.0,100.0,0.0022777714766561985,57.0,,,
VIX_Std_50d,vix,0.0,100.0,0.0022513694129884243,62.0,,,
VIX_of_VIX_Z,vix,0.00010505238606128842,100.0,0.00224011461250484,65.0,,,
VIX_Factor,vix,0.0,100.0,0.002226273762062192,70.0,,,
vix_percentile_rank,vix,0.0005731455748900771,100.0,0.0022260844707489014,71.0,,,
VIX_Mean_20d,vix,0.0,100.0,0.002221682807430625,72.0,,,
VIX_MA10,vix,0.0,100.0,0.0022140122018754482,73.0,,,
VIX_Change_10d,vix,0.0,100.0,0.002184781013056636,79.0,,,
VIX_Close,vix,0.0,100.0,0.002156920963898301,86.0,,,
vix_zscore,vix,0.0,100.0,0.002149500185623765,88.0,,,
vix_momentum_5d,vix,0.0,100.0,0.0021364307031035423,89.0,,,
VIX_Z_100d,vix,5.352194420993328e-05,100.0,0.002132755471393466,91.0,,,
VIX_Risk_Multiplier,vix,0.0,100.0,0.0021154782734811306,96.0,,,
VIX_Cross_20_50,vix,0.0,100.0,0.002060496248304844,105.0,,,
VIX_Change_5d,vix,0.0,100.0,0.0020501255057752132,109.0,,,
VIX_Mean_50d,vix,0.0,100.0,0.0020078590605407953,119.0,,,
corr_VIX,vix,0.8193056583404541,96.56033322984581,0.002006666734814644,120.0,,,
VIX_Std_20d,vix,0.0,100.0,0.001987542025744915,124.0,,,
VIX_Momentum,vix,0.0,100.0,0.001971708843484521,128.0,,,
beta_VIX,vix,0.8042708039283752,96.56033322984581,0.0018967489013448358,138.0,,,
VIX_MA50,vix,0.0,100.0,0.0018957520369440317,139.0,,,
VIX_of_VIX,vix,0.0,100.0,0.001788934227079153,160.0,,,
VIX_vs_Realized_21d,vix,0.7101713418960571,100.0,0.0017244737828150392,177.0,,,
VIX_Bottom,vix,0.0,100.0,0.0016975614707916975,183.0,,,
VIX_Std_100d,vix,1.1696878573275171e-05,100.0,0.0016876151785254478,191.0,,,
VIX_Mean_100d,vix,2.941994898719713e-05,100.0,0.0016713113291189075,197.0,,,
alpha_VIX,vix,0.9273248910903931,96.56033322984581,0.0013850758550688624,330.0,,,
VIX_Cross_10_50,vix,0.0,100.0,0.0012904626782983541,415.0,,,
VIX_Adjusted_ATR,vix,0.9299518465995789,100.0,0.0012277800124138594,454.0,,,
vix_regime_scale,vix,0.0,100.0,0.0009852161165326834,539.0,,,
VIX_Regime_Numeric,vix,0.0,100.0,0.000832084973808378,545.0,,,
VIX_Extreme_Low,vix,0.0,100.0,0.0,582.0,,,
VIX_Spike,vix,0.0,100.0,0.0,583.0,,,
vix_regime_low,vix,0.0,100.0,0.0,573.0,,,
